GID	SOURCE	FIRST_YEAR	ISCK	NURSERY	SET
CERES	ND	1929	FALSE	URN	PRE1968
HOPE	SD	1929	FALSE	URN	PRE1968
MARQUILLO	MN	1929	FALSE	URN	PRE1968
RELIANCE	OTHER	1929	FALSE	URN	PRE1968
REWARD	AAFC-CA	1929	FALSE	URN	PRE1968
SUPREME	AAFC-CA	1929	FALSE	URN	PRE1968
MARQUIS	AAFC-CA	1929	FALSE	URN	PRE1968
THATCHER	MN	1934	FALSE	URN	PRE1968
2421-7.19.32	ND	1934	FALSE	URN	PRE1968
25347A-1-4-11	ND	1934	FALSE	URN	PRE1968
26347A-1-26	ND	1934	FALSE	URN	PRE1968
27.8D15	ND	1934	FALSE	URN	PRE1968
APEX	AAFC-CA	1934	FALSE	URN	PRE1968
CANUS	AAFC-CA	1934	FALSE	URN	PRE1968
COMET	MT	1934	FALSE	URN	PRE1968
CORONATION	AAFC-CA	1934	FALSE	URN	PRE1968
H209	SD	1934	FALSE	URN	PRE1968
H44	SD	1934	FALSE	URN	PRE1968
II-21-48	MN	1934	FALSE	URN	PRE1968
II-26-6	MN	1934	FALSE	URN	PRE1968
II-26-9	MN	1934	FALSE	URN	PRE1968
NDNO.2552	ND	1934	FALSE	URN	PRE1968
NDNO.2553	ND	1934	FALSE	URN	PRE1968
NDNO.2554	ND	1934	FALSE	URN	PRE1968
NDNO.2555	ND	1934	FALSE	URN	PRE1968
NS.2260	ND	1934	FALSE	URN	PRE1968
PILOT	ND	1934	FALSE	URN	PRE1968
RENOWN	AAFC-CA	1934	FALSE	URN	PRE1968
RL704	AAFC-CA	1934	FALSE	URN	PRE1968
SDSEL.1552	SD	1934	FALSE	URN	PRE1968
25347A-1-4-9	ND	1935	FALSE	URN	PRE1968
26374A-1-19-4-1	MT	1935	FALSE	URN	PRE1968
26375A-1-11-38	ND	1935	FALSE	URN	PRE1968
27462A-3-1-14-9-20-1	ND	1935	FALSE	URN	PRE1968
C-26-59-2	AAFC-CA	1935	FALSE	URN	PRE1968
CI11711	ND	1935	FALSE	URN	PRE1968
NS.2594	ND	1935	FALSE	URN	PRE1968
NS.2601	ND	1935	FALSE	URN	PRE1968
RIVAL	ND	1935	FALSE	URN	PRE1968
VESTA	ND	1935	FALSE	URN	PRE1968
II-28-16	MN	1936	FALSE	URN	PRE1968
II-28-61	MN	1936	FALSE	URN	PRE1968
II-28-68	MN	1936	FALSE	URN	PRE1968
II-32-16-4	SD	1936	FALSE	URN	PRE1968
N1248	ND	1936	FALSE	URN	PRE1968
N1249	ND	1936	FALSE	URN	PRE1968
N1250	ND	1936	FALSE	URN	PRE1968
N1289	ND	1936	FALSE	URN	PRE1968
N1308	ND	1936	FALSE	URN	PRE1968
NS.2687	ND	1936	FALSE	URN	PRE1968
RL1114	AAFC-CA	1936	FALSE	URN	PRE1968
SEL.1517	SD	1936	FALSE	URN	PRE1968
SEL.1552-4	SD	1936	FALSE	URN	PRE1968
II-28-102	MN	1937	FALSE	URN	PRE1968
MERCURY	ND	1937	FALSE	URN	PRE1968
MERIT	ND	1937	FALSE	URN	PRE1968
N1328	ND	1937	FALSE	URN	PRE1968
RL1097	AAFC-CA	1937	FALSE	URN	PRE1968
II-28-27	MN	1938	FALSE	URN	PRE1968
II-29-188-3	SD	1938	FALSE	URN	PRE1968
II-29-49	MN	1938	FALSE	URN	PRE1968
II-29-52	MN	1938	FALSE	URN	PRE1968
II-29-53	MN	1938	FALSE	URN	PRE1968
N1330	ND	1938	FALSE	URN	PRE1968
N1344	ND	1938	FALSE	URN	PRE1968
N1349	ND	1938	FALSE	URN	PRE1968
NS.2743	ND	1938	FALSE	URN	PRE1968
NS.2746	ND	1938	FALSE	URN	PRE1968
NS.2748	ND	1938	FALSE	URN	PRE1968
NS.2811	ND	1938	FALSE	URN	PRE1968
SEL.1552-9	SD	1938	FALSE	URN	PRE1968
II-29-60	MN	1939	FALSE	URN	PRE1968
MIDA	ND	1939	FALSE	URN	PRE1968
N1139-22	ND	1939	FALSE	URN	PRE1968
N1441	ND	1939	FALSE	URN	PRE1968
N1448	ND	1939	FALSE	URN	PRE1968
N1465	ND	1939	FALSE	URN	PRE1968
N1466	ND	1939	FALSE	URN	PRE1968
NS.2744	ND	1939	FALSE	URN	PRE1968
NS.2800	ND	1939	FALSE	URN	PRE1968
NS.2809	ND	1939	FALSE	URN	PRE1968
NS.NO.2747	ND	1939	FALSE	URN	PRE1968
PILOTSELECTION13	ND	1939	FALSE	URN	PRE1968
SD1464-II-52-4-9	SD	1939	FALSE	URN	PRE1968
I-38-3	MN	1940	FALSE	URN	PRE1968
II-29-57	MN	1940	FALSE	URN	PRE1968
II-29-72	MN	1940	FALSE	URN	PRE1968
II-31-14	MN	1940	FALSE	URN	PRE1968
II-31-6	MN	1940	FALSE	URN	PRE1968
MERIT3	ND	1940	FALSE	URN	PRE1968
N1342-24	ND	1940	FALSE	URN	PRE1968
N1523	MT	1940	FALSE	URN	PRE1968
N1530	ND	1940	FALSE	URN	PRE1968
N1534	ND	1940	FALSE	URN	PRE1968
N1543	ND	1940	FALSE	URN	PRE1968
N1568	ND	1940	FALSE	URN	PRE1968
NS.2871	ND	1940	FALSE	URN	PRE1968
NS.2901	ND	1940	FALSE	URN	PRE1968
RL1333	AAFC-CA	1940	FALSE	URN	PRE1968
SD1463-26	SD	1940	FALSE	URN	PRE1968
SD1464-18	SD	1940	FALSE	URN	PRE1968
CADET	ND	1941	FALSE	URN	PRE1968
N1520	ND	1941	FALSE	URN	PRE1968
N1596	ND	1941	FALSE	URN	PRE1968
NS.2754	ND	1941	FALSE	URN	PRE1968
HENRY	OTHER	1942	FALSE	URN	PRE1968
RUSHMORE	SD	1942	FALSE	URN	PRE1968
SD2259	SD	1942	FALSE	URN	PRE1968
II-36-1	MN	1943	FALSE	URN	PRE1968
II-36-13	MN	1943	FALSE	URN	PRE1968
II-36-24	MN	1943	FALSE	URN	PRE1968
N.1556	ND	1943	FALSE	URN	PRE1968
N.1756	ND	1943	FALSE	URN	PRE1968
N1750	ND	1943	FALSE	URN	PRE1968
N1753	ND	1943	FALSE	URN	PRE1968
N1764	ND	1943	FALSE	URN	PRE1968
NS.2822.6	ND	1943	FALSE	URN	PRE1968
RL1527	AAFC-CA	1943	FALSE	URN	PRE1968
II-36-12	MN	1944	FALSE	URN	PRE1968
II-36-67	MN	1944	FALSE	URN	PRE1968
N1535	ND	1944	FALSE	URN	PRE1968
N1752	ND	1944	FALSE	URN	PRE1968
N1827	ND	1944	FALSE	URN	PRE1968
N1829	ND	1944	FALSE	URN	PRE1968
N1860	ND	1944	FALSE	URN	PRE1968
N3095	ND	1944	FALSE	URN	PRE1968
NS.3096	ND	1944	FALSE	URN	PRE1968
NS.3111	ND	1944	FALSE	URN	PRE1968
II-36-19	MN	1945	FALSE	URN	PRE1968
II-38-14	MN	1945	FALSE	URN	PRE1968
II-38-19	MN	1945	FALSE	URN	PRE1968
N.1843	ND	1945	FALSE	URN	PRE1968
N1769	ND	1945	FALSE	URN	PRE1968
N1831	ND	1945	FALSE	URN	PRE1968
N1907	ND	1945	FALSE	URN	PRE1968
NS.3120	ND	1945	FALSE	URN	PRE1968
NS.3129	ND	1945	FALSE	URN	PRE1968
NS.3150	ND	1945	FALSE	URN	PRE1968
NS.3172	ND	1945	FALSE	URN	PRE1968
NS.3175	ND	1945	FALSE	URN	PRE1968
RESCUE	AAFC-CA	1945	FALSE	URN	PRE1968
II-39-27	MN	1946	FALSE	URN	PRE1968
II-39-42	MN	1946	FALSE	URN	PRE1968
II-39-44	MN	1946	FALSE	URN	PRE1968
LD55	ND	1946	FALSE	URN	PRE1968
LEE	MN	1946	FALSE	URN	PRE1968
N.1840	ND	1946	FALSE	URN	PRE1968
N1952	ND	1946	FALSE	URN	PRE1968
N1953	ND	1946	FALSE	URN	PRE1968
N1969	ND	1946	FALSE	URN	PRE1968
N2014	ND	1946	FALSE	URN	PRE1968
N2088	ND	1946	FALSE	URN	PRE1968
NS.3190	ND	1946	FALSE	URN	PRE1968
RUSSELL	OTHER	1946	FALSE	URN	PRE1968
II-39-47	MN	1947	FALSE	URN	PRE1968
II-39-51	MN	1947	FALSE	URN	PRE1968
II-39-57	MN	1947	FALSE	URN	PRE1968
II-42-1	MN	1947	FALSE	URN	PRE1968
N1843-41	ND	1947	FALSE	URN	PRE1968
N2083	ND	1947	FALSE	URN	PRE1968
N2104	ND	1947	FALSE	URN	PRE1968
N2105	ND	1947	FALSE	URN	PRE1968
N3264	ND	1947	FALSE	URN	PRE1968
SD1691	SD	1947	FALSE	URN	PRE1968
II-39-8	MN	1948	FALSE	URN	PRE1968
II-42-22	MN	1948	FALSE	URN	PRE1968
NS.3269	ND	1948	FALSE	URN	PRE1968
NS.3274	ND	1948	FALSE	URN	PRE1968
NS.3282	ND	1948	FALSE	URN	PRE1968
NS.3284	ND	1948	FALSE	URN	PRE1968
NS.3285	ND	1948	FALSE	URN	PRE1968
SASK.2176	AAFC-CA	1948	FALSE	URN	PRE1968
WISC.246	OTHER	1948	FALSE	URN	PRE1968
1359A-2-10-1-2-2	ND	1949	FALSE	URN	PRE1968
1416A-1-8-3-2	ND	1949	FALSE	URN	PRE1968
1469A-1-14-1-2	ND	1949	FALSE	URN	PRE1968
II-42-30	MN	1949	FALSE	URN	PRE1968
II-42-38	MN	1949	FALSE	URN	PRE1968
N.1924.44	ND	1949	FALSE	URN	PRE1968
N1996	ND	1949	FALSE	URN	PRE1968
N2092	ND	1949	FALSE	URN	PRE1968
N2095	ND	1949	FALSE	URN	PRE1968
NS.3291	ND	1949	FALSE	URN	PRE1968
NS.3684	ND	1949	FALSE	URN	PRE1968
NS.3685	ND	1949	FALSE	URN	PRE1968
NS.3687	ND	1949	FALSE	URN	PRE1968
1396A-1-1-3-2-1-1	ND	1950	FALSE	URN	PRE1968
1475A-3-1-2-1	ND	1950	FALSE	URN	PRE1968
1475A-3-1-3-1	ND	1950	FALSE	URN	PRE1968
1496A-1-6-1	ND	1950	FALSE	URN	PRE1968
1496A-1-7-2-1	ND	1950	FALSE	URN	PRE1968
1497A-1-31-3-1	ND	1950	FALSE	URN	PRE1968
II-39-7	MN	1950	FALSE	URN	PRE1968
II-42-37	MN	1950	FALSE	URN	PRE1968
II-43-19	MN	1950	FALSE	URN	PRE1968
N.2223	ND	1950	FALSE	URN	PRE1968
N2232	ND	1950	FALSE	URN	PRE1968
NS.3679	ND	1950	FALSE	URN	PRE1968
NS.3681	ND	1950	FALSE	URN	PRE1968
N2292	ND	1951	FALSE	URN	PRE1968
NS.3755-3-6-56	ND	1951	FALSE	URN	PRE1968
CENTANA	MT	1952	FALSE	URN	PRE1968
II-46-13	MN	1952	FALSE	URN	PRE1968
II-46-3	MN	1952	FALSE	URN	PRE1968
PW36	SD	1952	FALSE	URN	PRE1968
II-44-56	MN	1953	FALSE	URN	PRE1968
II-46-63	MN	1953	FALSE	URN	PRE1968
N2389	MT	1953	FALSE	URN	PRE1968
WILLETT	MN	1953	FALSE	URN	PRE1968
CONLEY	ND	1954	FALSE	URN	PRE1968
II-47-10	MN	1954	FALSE	URN	PRE1968
II-50-17	MN	1954	FALSE	URN	PRE1968
II-50-32	MN	1954	FALSE	URN	PRE1968
ND3	ND	1954	FALSE	URN	PRE1968
NS.3880.127	ND	1954	FALSE	URN	PRE1968
NS.3880.227	ND	1954	FALSE	URN	PRE1968
B52-119	MT	1955	FALSE	URN	PRE1968
B52-91	MT	1955	FALSE	URN	PRE1968
CHAPINGO53	OTHER	1955	FALSE	URN	PRE1968
II-50-29	MN	1955	FALSE	URN	PRE1968
II-50-37	MN	1955	FALSE	URN	PRE1968
II-50-41	MN	1955	FALSE	URN	PRE1968
II-50-53	MN	1955	FALSE	URN	PRE1968
II-50-65	MN	1955	FALSE	URN	PRE1968
II-50-75	MN	1955	FALSE	URN	PRE1968
ND12	ND	1955	FALSE	URN	PRE1968
ND15	ND	1955	FALSE	URN	PRE1968
ND16	ND	1955	FALSE	URN	PRE1968
ND19	ND	1955	FALSE	URN	PRE1968
ND20	ND	1955	FALSE	URN	PRE1968
ND22	ND	1955	FALSE	URN	PRE1968
ND33	ND	1955	FALSE	URN	PRE1968
ND4	ND	1955	FALSE	URN	PRE1968
YAQUI54	OTHER	1955	FALSE	URN	PRE1968
CT231	AAFC-CA	1956	FALSE	URN	PRE1968
ESTANZUELADAKURU	ND	1957	FALSE	URN	PRE1968
H441B-15-2-2-3	OTHER	1957	FALSE	URN	PRE1968
H441B-15-2-2-4	OTHER	1957	FALSE	URN	PRE1968
II-44-65-1	MN	1957	FALSE	URN	PRE1968
II-51-8	MN	1957	FALSE	URN	PRE1968
II-51-9	MN	1957	FALSE	URN	PRE1968
III-52-7	MN	1957	FALSE	URN	PRE1968
III-52-8	MN	1957	FALSE	URN	PRE1968
ND40-2	ND	1957	FALSE	URN	PRE1968
ND58	ND	1957	FALSE	URN	PRE1968
ND65	ND	1957	FALSE	URN	PRE1968
ND90-5	ND	1957	FALSE	URN	PRE1968
PEMBINA	AAFC-CA	1957	FALSE	URN	PRE1968
CANTHATCH	AAFC-CA	1958	FALSE	URN	PRE1968
II-53-546	MN	1958	FALSE	URN	PRE1968
KARNVOR	OTHER	1958	FALSE	URN	PRE1968
ND137	ND	1958	FALSE	URN	PRE1968
ND140	ND	1958	FALSE	URN	PRE1968
II-52-52	MN	1959	FALSE	URN	PRE1968
II-52-74	MN	1959	FALSE	URN	PRE1968
II-53-532	MN	1959	FALSE	URN	PRE1968
II-53-541	MN	1959	FALSE	URN	PRE1968
II-53-562	MN	1959	FALSE	URN	PRE1968
II-53-565	MN	1959	FALSE	URN	PRE1968
II-53-567	MN	1959	FALSE	URN	PRE1968
LATHROP	OTHER	1959	FALSE	URN	PRE1968
ND125	ND	1959	FALSE	URN	PRE1968
ND138-1	ND	1959	FALSE	URN	PRE1968
ND152	ND	1959	FALSE	URN	PRE1968
ND153	ND	1959	FALSE	URN	PRE1968
ND162	ND	1959	FALSE	URN	PRE1968
SELKIRK	AAFC-CA	1959	FALSE	URN	PRE1968
CRIM	MN	1960	FALSE	URN	PRE1968
ND208	ND	1960	FALSE	URN	PRE1968
ND218	ND	1960	FALSE	URN	PRE1968
ND220	ND	1960	FALSE	URN	PRE1968
ND223	ND	1960	FALSE	URN	PRE1968
ND235	ND	1960	FALSE	URN	PRE1968
ND256	ND	1960	FALSE	URN	PRE1968
RL2938	AAFC-CA	1960	FALSE	URN	PRE1968
RL4009	AAFC-CA	1960	FALSE	URN	PRE1968
JUSTIN	ND	1960	FALSE	URN	PRE1968
CHRIS	MN	1960	FALSE	URN	PRE1968
II-52-238	MN	1961	FALSE	URN	PRE1968
II-53-661	MN	1961	FALSE	URN	PRE1968
II-53-737	MN	1961	FALSE	URN	PRE1968
II-53-738	MN	1961	FALSE	URN	PRE1968
II-53-749	MN	1961	FALSE	URN	PRE1968
ND202-2	ND	1961	FALSE	URN	PRE1968
ND207-3	ND	1961	FALSE	URN	PRE1968
ND215	ND	1961	FALSE	URN	PRE1968
ND247	ND	1961	FALSE	URN	PRE1968
ND264	ND	1961	FALSE	URN	PRE1968
ND265	ND	1961	FALSE	URN	PRE1968
ND271	ND	1961	FALSE	URN	PRE1968
RL4125	AAFC-CA	1961	FALSE	URN	PRE1968
SD1336	SD	1961	FALSE	URN	PRE1968
SD1944	SD	1961	FALSE	URN	PRE1968
B59-3	MT	1962	FALSE	URN	PRE1968
II-53-521	MN	1962	FALSE	URN	PRE1968
II-54-29	MN	1962	FALSE	URN	PRE1968
II-54-30	MN	1962	FALSE	URN	PRE1968
ND229-1	ND	1962	FALSE	URN	PRE1968
ND287	ND	1962	FALSE	URN	PRE1968
ND322	ND	1962	FALSE	URN	PRE1968
ND345	ND	1962	FALSE	URN	PRE1968
SHERIDAN	MT	1962	FALSE	URN	PRE1968
WISC.255	OTHER	1962	FALSE	URN	PRE1968
B61-88	MT	1963	FALSE	URN	PRE1968
II-55-12	MN	1963	FALSE	URN	PRE1968
ND404	ND	1963	FALSE	URN	PRE1968
ND405	ND	1963	FALSE	URN	PRE1968
ND406	ND	1963	FALSE	URN	PRE1968
RL4133	AAFC-CA	1963	FALSE	URN	PRE1968
RL4137	AAFC-CA	1963	FALSE	URN	PRE1968
MANITOU	AAFC-CA	1963	FALSE	URN	PRE1968
B60-82	MT	1964	FALSE	URN	PRE1968
FORTUNA	ND	1964	FALSE	URN	PRE1968
II-58-14	MN	1964	FALSE	URN	PRE1968
II-58-57	MN	1964	FALSE	URN	PRE1968
II-59-11	MN	1964	FALSE	URN	PRE1968
II-59-9	MN	1964	FALSE	URN	PRE1968
ND363	ND	1964	FALSE	URN	PRE1968
ND364	ND	1964	FALSE	URN	PRE1968
ND373	ND	1964	FALSE	URN	PRE1968
WALDRON	ND	1964	FALSE	URN	PRE1968
B61-89	MT	1965	FALSE	URN	PRE1968
ND407	ND	1965	FALSE	URN	PRE1968
SD624	SD	1965	FALSE	URN	PRE1968
SD625	SD	1965	FALSE	URN	PRE1968
SD626	SD	1965	FALSE	URN	PRE1968
II-56-40	MN	1966	FALSE	URN	PRE1968
ERA	MN	1968	FALSE	URN	POST1968
FLETCHER	MN	1968	FALSE	URN	POST1968
II-62-68	MN	1968	FALSE	URN	POST1968
K48-44	AAFC-CA	1968	FALSE	URN	POST1968
M4-1	ND	1968	FALSE	URN	POST1968
M4-7	ND	1968	FALSE	URN	POST1968
MT6610	MT	1968	FALSE	URN	POST1968
MT6661	MT	1968	FALSE	URN	POST1968
ND476	ND	1968	FALSE	URN	POST1968
ND481	ND	1968	FALSE	URN	POST1968
ND482	ND	1968	FALSE	URN	POST1968
NEEPAWA	AAFC-CA	1968	FALSE	URN	POST1968
POLK	MN	1968	FALSE	URN	POST1968
RED_RIVER_68	PRIVATE	1968	FALSE	URN	POST1968
RL4220	AAFC-CA	1968	FALSE	URN	POST1968
S6579	ND	1968	FALSE	URN	POST1968
S659	ND	1968	FALSE	URN	POST1968
WIS271	WIS	1968	FALSE	URN	POST1968
H678-1-6-9	WIS	1969	FALSE	URN	POST1968
MT6723	MT	1969	FALSE	URN	POST1968
MT677	MT	1969	FALSE	URN	POST1968
ND492	ND	1969	FALSE	URN	POST1968
ND493	ND	1969	FALSE	URN	POST1968
ND494	ND	1969	FALSE	URN	POST1968
ND495	ND	1969	FALSE	URN	POST1968
S6694	ND	1969	FALSE	URN	POST1968
BONANZA	PRIVATE	1970	FALSE	URN	POST1968
ELLAR	ND	1970	FALSE	URN	POST1968
MT6830	MT	1970	FALSE	URN	POST1968
MT6834	MT	1970	FALSE	URN	POST1968
MT6839	MT	1970	FALSE	URN	POST1968
ND487	ND	1970	FALSE	URN	POST1968
ND490	ND	1970	FALSE	URN	POST1968
ND496	ND	1970	FALSE	URN	POST1968
ND499	ND	1970	FALSE	URN	POST1968
NK69I157	PRIVATE	1970	FALSE	URN	POST1968
WORLD_SEEDS_1812	PRIVATE	1970	FALSE	URN	POST1968
BOUNTY_208	PRIVATE	1971	FALSE	URN	POST1968
LARK	PRIVATE	1971	FALSE	URN	POST1968
ND501	ND	1971	FALSE	URN	POST1968
ND506	ND	1971	FALSE	URN	POST1968
NK70Y14	PRIVATE	1971	FALSE	URN	POST1968
OLAF	ND	1971	FALSE	URN	POST1968
WORLD_SEEDS_1809	PRIVATE	1971	FALSE	URN	POST1968
ANGUS	MN	1972	FALSE	URN	POST1968
FBA_004	PRIVATE	1972	FALSE	URN	POST1968
FBW406	PRIVATE	1972	FALSE	URN	POST1968
FBW434	PRIVATE	1972	FALSE	URN	POST1968
KITT	MN	1972	FALSE	URN	POST1968
MN6601	MN	1972	FALSE	URN	POST1968
MT661718	MT	1972	FALSE	URN	POST1968
ND507	ND	1972	FALSE	URN	POST1968
ND508	ND	1972	FALSE	URN	POST1968
ND509	ND	1972	FALSE	URN	POST1968
ND510	ND	1972	FALSE	URN	POST1968
ND511	ND	1972	FALSE	URN	POST1968
ND515	ND	1972	FALSE	URN	POST1968
NORANA	MT	1972	FALSE	URN	POST1968
PROTOR	PRIVATE	1972	FALSE	URN	POST1968
RL4238	AAFC-CA	1972	FALSE	URN	POST1968
H689-5-5	WIS	1972	FALSE	URN	POST1968
BUTTE	ND	1973	FALSE	URN	POST1968
H681-4-5	WIS	1973	FALSE	URN	POST1968
MT7028	MT	1973	FALSE	URN	POST1968
MT7150	MT	1973	FALSE	URN	POST1968
ND518	ND	1973	FALSE	URN	POST1968
ND520	ND	1973	FALSE	URN	POST1968
ND521	ND	1973	FALSE	URN	POST1968
ND522	ND	1973	FALSE	URN	POST1968
ND525	ND	1973	FALSE	URN	POST1968
MT7031	MT	1974	FALSE	URN	POST1968
MT711	MT	1974	FALSE	URN	POST1968
MT7156	MT	1974	FALSE	URN	POST1968
ND496-153	ND	1974	FALSE	URN	POST1968
ND496-158	ND	1974	FALSE	URN	POST1968
ND523	ND	1974	FALSE	URN	POST1968
ND526	ND	1974	FALSE	URN	POST1968
ND527	ND	1974	FALSE	URN	POST1968
ND528	ND	1974	FALSE	URN	POST1968
ND529	ND	1974	FALSE	URN	POST1968
WI262T	WIS	1974	FALSE	URN	POST1968
BORAH	ID	1975	FALSE	URN	POST1968
H678-1-64311	WIS	1975	FALSE	URN	POST1968
LEW	MT	1975	FALSE	URN	POST1968
MN6728	MN	1975	FALSE	URN	POST1968
MN70113	MN	1975	FALSE	URN	POST1968
MN70121	MN	1975	FALSE	URN	POST1968
MN70175	MN	1975	FALSE	URN	POST1968
MN70180	MN	1975	FALSE	URN	POST1968
MN7083	MN	1975	FALSE	URN	POST1968
MN7086	MN	1975	FALSE	URN	POST1968
ND531	ND	1975	FALSE	URN	POST1968
ND532	ND	1975	FALSE	URN	POST1968
ND533	ND	1975	FALSE	URN	POST1968
ND534	ND	1975	FALSE	URN	POST1968
ND535	ND	1975	FALSE	URN	POST1968
NEWANA	MT	1975	FALSE	URN	POST1968
COTEAU	ND	1976	FALSE	URN	POST1968
II-62-48	MN	1976	FALSE	URN	POST1968
JAMES	SD	1976	FALSE	URN	POST1968
LEN	ND	1976	FALSE	URN	POST1968
MN70170	MN	1976	FALSE	URN	POST1968
MN70202	MN	1976	FALSE	URN	POST1968
MN7125	MN	1976	FALSE	URN	POST1968
MN7142	MN	1976	FALSE	URN	POST1968
MN7155	MN	1976	FALSE	URN	POST1968
MN7170	MN	1976	FALSE	URN	POST1968
MT7416	MT	1976	FALSE	URN	POST1968
MT749	MT	1976	FALSE	URN	POST1968
ND536	ND	1976	FALSE	URN	POST1968
ND541	ND	1976	FALSE	URN	POST1968
ND542	ND	1976	FALSE	URN	POST1968
ND544	ND	1976	FALSE	URN	POST1968
SD2271	SD	1976	FALSE	URN	POST1968
SD2288	SD	1976	FALSE	URN	POST1968
ALEX	ND	1977	FALSE	URN	POST1968
EUREKA	SD	1977	FALSE	URN	POST1968
ID0153	MN	1977	FALSE	URN	POST1968
MN70181	MN	1977	FALSE	URN	POST1968
MN70197	MN	1977	FALSE	URN	POST1968
MN7222	MN	1977	FALSE	URN	POST1968
ND547	ND	1977	FALSE	URN	POST1968
ND549	ND	1977	FALSE	URN	POST1968
ND551	ND	1977	FALSE	URN	POST1968
ND553	ND	1977	FALSE	URN	POST1968
ND554	ND	1977	FALSE	URN	POST1968
ND555	ND	1977	FALSE	URN	POST1968
NK75S5511	PRIVATE	1977	FALSE	URN	POST1968
NK75S5513	PRIVATE	1977	FALSE	URN	POST1968
SD2355	SD	1977	FALSE	URN	POST1968
SD2358	SD	1977	FALSE	URN	POST1968
WSMP54B	PRIVATE	1977	FALSE	URN	POST1968
MN7336	MN	1978	FALSE	URN	POST1968
MN7378	MN	1978	FALSE	URN	POST1968
ND557	ND	1978	FALSE	URN	POST1968
ND560	ND	1978	FALSE	URN	POST1968
ND561	ND	1978	FALSE	URN	POST1968
ND563	ND	1978	FALSE	URN	POST1968
NHS74183	PRIVATE	1978	FALSE	URN	POST1968
NHS751001	PRIVATE	1978	FALSE	URN	POST1968
WA6389	WA	1978	FALSE	URN	POST1968
WSMP122	PRIVATE	1978	FALSE	URN	POST1968
WHEATON	MN	1979	TRUE	BOTH	POST1968
MN7324	MN	1979	FALSE	URN	POST1968
MT7635	MT	1979	FALSE	URN	POST1968
MT7648	MT	1979	FALSE	URN	POST1968
ND565	ND	1979	FALSE	URN	POST1968
ND567	ND	1979	FALSE	URN	POST1968
ND569	ND	1979	FALSE	URN	POST1968
ND570	ND	1979	FALSE	URN	POST1968
ND571	ND	1979	FALSE	URN	POST1968
NK75S5511-4	PRIVATE	1979	FALSE	URN	POST1968
RL4314	AAFC-CA	1979	FALSE	URN	POST1968
SD2256	SD	1979	FALSE	URN	POST1968
WA6307	WA	1979	FALSE	URN	POST1968
WA6510	WA	1979	FALSE	URN	POST1968
WA6511	WA	1979	FALSE	URN	POST1968
MARSHALL	MN	1980	FALSE	BOTH	POST1968
CENTA	SD	1980	FALSE	URN	POST1968
HS7664	PRIVATE	1980	FALSE	URN	POST1968
ID0167	ID	1980	FALSE	URN	POST1968
MN7357	MN	1980	FALSE	URN	POST1968
MT7836	MT	1980	FALSE	URN	POST1968
ND572	ND	1980	FALSE	URN	POST1968
ND573	ND	1980	FALSE	URN	POST1968
ND574	ND	1980	FALSE	URN	POST1968
ND575	ND	1980	FALSE	URN	POST1968
NK75S2631	PRIVATE	1980	FALSE	URN	POST1968
NK75S2634	PRIVATE	1980	FALSE	URN	POST1968
RL4352	AAFC-CA	1980	FALSE	URN	POST1968
SD2700	SD	1980	FALSE	URN	POST1968
SD2835	SD	1980	FALSE	URN	POST1968
SD2870	SD	1980	FALSE	URN	POST1968
WA6756	WA	1980	FALSE	URN	POST1968
WA6758	WA	1980	FALSE	URN	POST1968
X6718	PRIVATE	1980	FALSE	URN	POST1968
X6753	PRIVATE	1980	FALSE	URN	POST1968
HS79304	PRIVATE	1981	FALSE	URN	POST1968
HS79348	PRIVATE	1981	FALSE	URN	POST1968
ID0162	ID	1981	FALSE	URN	POST1968
MN73167	MN	1981	FALSE	URN	POST1968
ND581	ND	1981	FALSE	URN	POST1968
ND585	ND	1981	FALSE	URN	POST1968
SD2854	SD	1981	FALSE	URN	POST1968
SD2860	SD	1981	FALSE	URN	POST1968
SD2861	SD	1981	FALSE	URN	POST1968
WA6865	WA	1981	FALSE	URN	POST1968
WA6870	WA	1981	FALSE	URN	POST1968
GUARD	SD	1982	FALSE	URN	POST1968
HS79400	PRIVATE	1982	FALSE	URN	POST1968
HS79561	PRIVATE	1982	FALSE	URN	POST1968
MN7529	MN	1982	FALSE	URN	POST1968
MN7663	MN	1982	FALSE	URN	POST1968
MT8017	MT	1982	FALSE	URN	POST1968
ND582	ND	1982	FALSE	URN	POST1968
ND586	ND	1982	FALSE	URN	POST1968
ND590	ND	1982	FALSE	URN	POST1968
ND594	ND	1982	FALSE	URN	POST1968
NK77S4342	PRIVATE	1982	FALSE	URN	POST1968
NK77S4374	PRIVATE	1982	FALSE	URN	POST1968
NK77S8002	PRIVATE	1982	FALSE	URN	POST1968
PR2369	PRIVATE	1982	FALSE	URN	POST1968
SD2881	SD	1982	FALSE	URN	POST1968
SD2903	SD	1982	FALSE	URN	POST1968
WA6922	WA	1982	FALSE	URN	POST1968
WA6923	WA	1982	FALSE	URN	POST1968
WRP-8-1	PRIVATE	1982	FALSE	URN	POST1968
WRP-8-30	PRIVATE	1982	FALSE	URN	POST1968
X7993	PRIVATE	1982	FALSE	URN	POST1968
X9882	PRIVATE	1982	FALSE	URN	POST1968
HS781139	PRIVATE	1983	FALSE	URN	POST1968
HS79149	PRIVATE	1983	FALSE	URN	POST1968
HS80236	PRIVATE	1983	FALSE	URN	POST1968
MN81070	MN	1983	FALSE	URN	POST1968
MN81101	MN	1983	FALSE	URN	POST1968
MT7926	MT	1983	FALSE	URN	POST1968
MT8043	MT	1983	FALSE	URN	POST1968
ND593	ND	1983	FALSE	URN	POST1968
ND597	ND	1983	FALSE	URN	POST1968
ND603	ND	1983	FALSE	URN	POST1968
SBT428	PRIVATE	1983	FALSE	URN	POST1968
SD2912	SD	1983	FALSE	URN	POST1968
SD2925	SD	1983	FALSE	URN	POST1968
SHIELD	SD	1983	FALSE	URN	POST1968
WRC80-32	PRIVATE	1983	FALSE	URN	POST1968
PROSPECT	SD	1984	FALSE	BOTH	POST1968
HS81-12	PRIVATE	1984	FALSE	URN	POST1968
HS81-55	PRIVATE	1984	FALSE	URN	POST1968
MN80056	MN	1984	FALSE	URN	POST1968
MN81270	MN	1984	FALSE	URN	POST1968
MN82128	MN	1984	FALSE	URN	POST1968
MT808	MT	1984	FALSE	URN	POST1968
MT8177	MT	1984	FALSE	URN	POST1968
ND602	ND	1984	FALSE	URN	POST1968
ND604	ND	1984	FALSE	URN	POST1968
ND611	ND	1984	FALSE	URN	POST1968
RH833498	PRIVATE	1984	FALSE	URN	POST1968
SD2968	SD	1984	FALSE	URN	POST1968
SD8036	SD	1984	FALSE	URN	POST1968
WA7075	WA	1984	FALSE	URN	POST1968
WA7182	WA	1984	FALSE	URN	POST1968
WA7185	WA	1984	FALSE	URN	POST1968
WRC-80-3	PRIVATE	1984	FALSE	URN	POST1968
SD2962	SD	1984	FALSE	URN	POST1968
AMIDON	ND	1985	FALSE	URN	POST1968
HS82-175	PRIVATE	1985	FALSE	URN	POST1968
HS82-288	PRIVATE	1985	FALSE	URN	POST1968
ID0291	ID	1985	FALSE	URN	POST1968
MN82047	MN	1985	FALSE	URN	POST1968
MT8218	MT	1985	FALSE	URN	POST1968
MT8320	MT	1985	FALSE	URN	POST1968
MT8328	MT	1985	FALSE	URN	POST1968
ND600	ND	1985	FALSE	URN	POST1968
ND616	ND	1985	FALSE	URN	POST1968
RH841246	PRIVATE	1985	FALSE	URN	POST1968
SHARP	SD	1986	FALSE	BOTH	POST1968
C982-324	PRIVATE	1986	FALSE	URN	POST1968
GRANDIN	ND	1986	FALSE	URN	POST1968
GUS	ND	1986	FALSE	URN	POST1968
HS84-700	PRIVATE	1986	FALSE	URN	POST1968
HS84-873	PRIVATE	1986	FALSE	URN	POST1968
MINNPRO	MN	1986	FALSE	URN	POST1968
MN82008	MN	1986	FALSE	URN	POST1968
MN84662	MN	1986	FALSE	URN	POST1968
MT8304	MT	1986	FALSE	URN	POST1968
MT8402	MT	1986	FALSE	URN	POST1968
ND617	ND	1986	FALSE	URN	POST1968
ND622	ND	1986	FALSE	URN	POST1968
SD2961	SD	1986	FALSE	URN	POST1968
SD2990	SD	1986	FALSE	URN	POST1968
VANCE	MN	1986	FALSE	URN	POST1968
WA7329	WA	1986	FALSE	URN	POST1968
WA7330	WA	1986	FALSE	URN	POST1968
BUTTE86	NA	1987	FALSE	BOTH	POST1968
2385	PRIVATE	1987	FALSE	URN	POST1968
FA984-384	PRIVATE	1987	FALSE	URN	POST1968
HS84-41	PRIVATE	1987	FALSE	URN	POST1968
HS84-692	PRIVATE	1987	FALSE	URN	POST1968
MN84056	MN	1987	FALSE	URN	POST1968
MT8336	MT	1987	FALSE	URN	POST1968
MT8446	MT	1987	FALSE	URN	POST1968
ND640	ND	1987	FALSE	URN	POST1968
RH_HYBD_1	PRIVATE	1987	FALSE	URN	POST1968
RH_HYBD_2	PRIVATE	1987	FALSE	URN	POST1968
RH_LINE	PRIVATE	1987	FALSE	URN	POST1968
SD2999	SD	1987	FALSE	URN	POST1968
SD3000	SD	1987	FALSE	URN	POST1968
SD3005	SD	1987	FALSE	URN	POST1968
SD8052-1	SD	1987	FALSE	URN	POST1968
STOA	ND	1987	FALSE	URN	POST1968
W2501	PRIVATE	1987	FALSE	URN	POST1968
WA7328	WA	1987	FALSE	URN	POST1968
2375	ND	1988	FALSE	BOTH	POST1968
NORM	MN	1988	FALSE	BOTH	POST1968
BZ986-345	PRIVATE	1988	FALSE	URN	POST1968
HS85-30	PRIVATE	1988	FALSE	URN	POST1968
HS85-476	PRIVATE	1988	FALSE	URN	POST1968
HS85-674	PRIVATE	1988	FALSE	URN	POST1968
HS85-902	PRIVATE	1988	FALSE	URN	POST1968
MN85110	MN	1988	FALSE	URN	POST1968
MN85167	MN	1988	FALSE	URN	POST1968
MN85328	MN	1988	FALSE	URN	POST1968
ND650	ND	1988	FALSE	URN	POST1968
ND652	ND	1988	FALSE	URN	POST1968
SD3014	SD	1988	FALSE	URN	POST1968
WA7493	WA	1988	FALSE	URN	POST1968
WA7494	WA	1988	FALSE	URN	POST1968
2370	PRIVATE	1989	FALSE	URN	POST1968
BW114	AAFC-CA	1989	FALSE	URN	POST1968
EXPRESS	PRIVATE	1989	FALSE	URN	POST1968
MN86018	MN	1989	FALSE	URN	POST1968
MN86151	MN	1989	FALSE	URN	POST1968
MN86329	MN	1989	FALSE	URN	POST1968
MN86383	MN	1989	FALSE	URN	POST1968
N86-370	PRIVATE	1989	FALSE	URN	POST1968
N86-903	PRIVATE	1989	FALSE	URN	POST1968
ND653	ND	1989	FALSE	URN	POST1968
ND655	ND	1989	FALSE	URN	POST1968
ND658	ND	1989	FALSE	URN	POST1968
SD3026	SD	1989	FALSE	URN	POST1968
SD3032	SD	1989	FALSE	URN	POST1968
SD3036	SD	1989	FALSE	URN	POST1968
AC-MINTO	AAFC-CA	1990	FALSE	URN	POST1968
MN86165	MN	1990	FALSE	URN	POST1968
MN87106	MN	1990	FALSE	URN	POST1968
MN87150	MN	1990	FALSE	URN	POST1968
MT8651	MT	1990	FALSE	URN	POST1968
N86-0542	PRIVATE	1990	FALSE	URN	POST1968
N86-0903	PRIVATE	1990	FALSE	URN	POST1968
N87-0002	PRIVATE	1990	FALSE	URN	POST1968
ND656	ND	1990	FALSE	URN	POST1968
ND657	ND	1990	FALSE	URN	POST1968
ND659	ND	1990	FALSE	URN	POST1968
ND660	ND	1990	FALSE	URN	POST1968
PH984-045	PRIVATE	1990	FALSE	URN	POST1968
SD3052	SD	1990	FALSE	URN	POST1968
SD3053	SD	1990	FALSE	URN	POST1968
SD3055	SD	1990	FALSE	URN	POST1968
SD3056	SD	1990	FALSE	URN	POST1968
XW371	ND	1990	FALSE	URN	POST1968
ACBARRIE	AAFC-CA	1991	FALSE	BOTH	POST1968
CI982-309	PRIVATE	1991	FALSE	URN	POST1968
FA987-350	PRIVATE	1991	FALSE	URN	POST1968
ID0367	ID	1991	FALSE	URN	POST1968
KULM	ND	1991	FALSE	URN	POST1968
MN88170	MN	1991	FALSE	URN	POST1968
MN88189	MN	1991	FALSE	URN	POST1968
MN88320	MN	1991	FALSE	URN	POST1968
MN88334	MN	1991	FALSE	URN	POST1968
N87-467	PRIVATE	1991	FALSE	URN	POST1968
N88-3034	PRIVATE	1991	FALSE	URN	POST1968
N88-3136	PRIVATE	1991	FALSE	URN	POST1968
ND662	ND	1991	FALSE	URN	POST1968
ND672	ND	1991	FALSE	URN	POST1968
RUSS	SD	1991	FALSE	URN	POST1968
SD3080	SD	1991	FALSE	URN	POST1968
SD8072	SD	1991	FALSE	URN	POST1968
SD8074	SD	1991	FALSE	URN	POST1968
SONJA	PRIVATE	1991	FALSE	URN	POST1968
TR983-239	PRIVATE	1991	FALSE	URN	POST1968
XW398A4	ND	1991	FALSE	URN	POST1968
ACCORA	AAFC-CA	1992	FALSE	BOTH	POST1968
SUMAI3	NA	1992	FALSE	BOTH	POST1968
BW150	AAFC-CA	1992	FALSE	URN	POST1968
MN88076	MN	1992	FALSE	URN	POST1968
MN88415	MN	1992	FALSE	URN	POST1968
MN89028	MN	1992	FALSE	URN	POST1968
MN89408	MN	1992	FALSE	URN	POST1968
MT8849	MT	1992	FALSE	URN	POST1968
N86-0348	PRIVATE	1992	FALSE	URN	POST1968
N88-0022	PRIVATE	1992	FALSE	URN	POST1968
ND681	ND	1992	FALSE	URN	POST1968
ND682	ND	1992	FALSE	URN	POST1968
PH986-61	PRIVATE	1992	FALSE	URN	POST1968
REEDER	ND	1992	FALSE	URN	POST1968
SD8070	SD	1992	FALSE	URN	POST1968
TRENTON	ND	1992	FALSE	URN	POST1968
XW397A3	ND	1992	FALSE	URN	POST1968
BW156	NA	1992	FALSE	URN	POST1968
N87-0306	NA	1992	FALSE	URN	POST1968
N88-3934	NA	1992	FALSE	URN	POST1968
ND675	ND	1992	FALSE	URN	POST1968
SD8670	SD	1992	FALSE	URN	POST1968
SD8872	SD	1992	FALSE	URN	POST1968
SD8973	SD	1992	FALSE	URN	POST1968
8601AE3C	AAFC-CA	1993	FALSE	URN	POST1968
BZ984-334	PRIVATE	1993	FALSE	URN	POST1968
BZ988-351	PRIVATE	1993	FALSE	URN	POST1968
ERNEST	ND	1993	FALSE	URN	POST1968
HAMER	PRIVATE	1993	FALSE	URN	POST1968
KEENE	ND	1993	FALSE	URN	POST1968
MN89103	MN	1993	FALSE	URN	POST1968
MN90071	MN	1993	FALSE	URN	POST1968
MN90114	MN	1993	FALSE	URN	POST1968
MN90253	MN	1993	FALSE	URN	POST1968
N88-3140	PRIVATE	1993	FALSE	URN	POST1968
N90-0671	PRIVATE	1993	FALSE	URN	POST1968
ND674	ND	1993	FALSE	URN	POST1968
NORLANDER	PRIVATE	1993	FALSE	URN	POST1968
OXEN	SD	1993	FALSE	URN	POST1968
SBE0444	MN	1993	FALSE	URN	POST1968
SD0005	SD	1993	FALSE	URN	POST1968
VERDE	MN	1993	FALSE	URN	POST1968
N90-0666	NA	1993	FALSE	URN	POST1968
N90-0700	NA	1993	FALSE	URN	POST1968
AC-MAJESTIC	AAFC-CA	1994	FALSE	BOTH	POST1968
FORGE	SD	1994	FALSE	URN	POST1968
HJ98	MN	1994	FALSE	URN	POST1968
MN90138	MN	1994	FALSE	URN	POST1968
MN91227	MN	1994	FALSE	URN	POST1968
MN91309	MN	1994	FALSE	URN	POST1968
MN91324	MN	1994	FALSE	URN	POST1968
MN92006	MN	1994	FALSE	URN	POST1968
N89-0562	PRIVATE	1994	FALSE	URN	POST1968
N90-0392	PRIVATE	1994	FALSE	URN	POST1968
N91-0059	PRIVATE	1994	FALSE	URN	POST1968
N91-3057	PRIVATE	1994	FALSE	URN	POST1968
ND686	ND	1994	FALSE	URN	POST1968
SD0007	SD	1994	FALSE	URN	POST1968
SD0014	SD	1994	FALSE	URN	POST1968
SD3151	SD	1994	FALSE	URN	POST1968
BW174	AAFC-CA	1994	FALSE	URN	POST1968
BW688	AAFC-CA	1994	FALSE	URN	POST1968
BW173	NA	1994	FALSE	URN	POST1968
BACUP	MN	1995	TRUE	BOTH	POST1968
GUNNER	PRIVATE	1995	FALSE	BOTH	POST1968
HY417	AAFC-CA	1995	FALSE	BOTH	POST1968
INGOT	SD	1995	FALSE	BOTH	POST1968
MT9354	MT	1995	FALSE	BOTH	POST1968
MT9360	MT	1995	FALSE	BOTH	POST1968
N92-0248	PRIVATE	1995	FALSE	BOTH	POST1968
N92-2031	NA	1995	FALSE	BOTH	POST1968
SD3164	SD	1995	FALSE	BOTH	POST1968
SD3236	SD	1995	FALSE	BOTH	POST1968
SD8089	SD	1995	FALSE	BOTH	POST1968
BW191	AAFC-CA	1995	FALSE	URN	POST1968
FA993-401W	PRIVATE	1995	FALSE	URN	POST1968
FA993-402W	PRIVATE	1995	FALSE	URN	POST1968
HAGGER	PRIVATE	1995	FALSE	URN	POST1968
MN92387	MN	1995	FALSE	URN	POST1968
ND688	ND	1995	FALSE	URN	POST1968
SBF0402	ND	1995	FALSE	URN	POST1968
SD3161	SD	1995	FALSE	URN	POST1968
SD3165	SD	1995	FALSE	URN	POST1968
SD8088	SD	1995	FALSE	URN	POST1968
N92-0434	NA	1995	FALSE	URN	POST1968
2398	ND	1995	FALSE	URSN	POST1968
93FHB_21	AAFC-CA	1995	FALSE	URSN	POST1968
93FHB_37	AAFC-CA	1995	FALSE	URSN	POST1968
94FHB_28	AAFC-CA	1995	FALSE	URSN	POST1968
94FHB_9	AAFC-CA	1995	FALSE	URSN	POST1968
ACDOMIAN	AAFC-CA	1995	FALSE	URSN	POST1968
B92-0058	PRIVATE	1995	FALSE	URSN	POST1968
D87-240	ND	1995	FALSE	URSN	POST1968
FRONTANA	MN	1995	FALSE	URSN	POST1968
KATEPWA	AAFC-CA	1995	FALSE	URSN	POST1968
MN2514	MN	1995	FALSE	URSN	POST1968
MN2538	MN	1995	FALSE	URSN	POST1968
MN94382	MN	1995	FALSE	URSN	POST1968
MN94390	MN	1995	FALSE	URSN	POST1968
N93-0214	PRIVATE	1995	FALSE	URSN	POST1968
N93-0305	PRIVATE	1995	FALSE	URSN	POST1968
N93-0351	PRIVATE	1995	FALSE	URSN	POST1968
ND2603	ND	1995	FALSE	URSN	POST1968
ND2604	ND	1995	FALSE	URSN	POST1968
ND2713	ND	1995	FALSE	URSN	POST1968
ND2729	ND	1995	FALSE	URSN	POST1968
ND2731	ND	1995	FALSE	URSN	POST1968
SD31219	SD	1995	FALSE	URSN	POST1968
SD3195	SD	1995	FALSE	URSN	POST1968
SD3247	SD	1995	FALSE	URSN	POST1968
MCVEY	MN	1996	FALSE	BOTH	POST1968
MT9311	MT	1996	FALSE	BOTH	POST1968
MT9410	MT	1996	FALSE	BOTH	POST1968
N93-0211	PRIVATE	1996	FALSE	BOTH	POST1968
ND2710	ND	1996	TRUE	BOTH	POST1968
ND691	ND	1996	FALSE	BOTH	POST1968
PARSHALL	ND	1996	FALSE	BOTH	POST1968
SCHOLAR	MT	1996	FALSE	BOTH	POST1968
9023-FM04C	AAFC-CA	1996	FALSE	URN	POST1968
EMBER	SD	1996	FALSE	URN	POST1968
FA994-601	PRIVATE	1996	FALSE	URN	POST1968
MN93434	MN	1996	FALSE	URN	POST1968
N92-0126	PRIVATE	1996	FALSE	URN	POST1968
N92-0176	PRIVATE	1996	FALSE	URN	POST1968
ND692	ND	1996	FALSE	URN	POST1968
SD8108	SD	1996	FALSE	URN	POST1968
SDM50005	PRIVATE	1996	FALSE	URN	POST1968
T1105	PRIVATE	1996	FALSE	URN	POST1968
T801.93	PRIVATE	1996	FALSE	URN	POST1968
9023-FMO4C	NA	1996	FALSE	URN	POST1968
93FHB_12	AAFC-CA	1996	FALSE	URSN	POST1968
94FHB_34	AAFC-CA	1996	FALSE	URSN	POST1968
94FHB_55	AAFC-CA	1996	FALSE	URSN	POST1968
ATA81	AAFC-CA	1996	FALSE	URSN	POST1968
B90-0270	PRIVATE	1996	FALSE	URSN	POST1968
D901155	ND	1996	FALSE	URSN	POST1968
D91103	ND	1996	FALSE	URSN	POST1968
MN2540	MN	1996	FALSE	URSN	POST1968
MN93377	MN	1996	FALSE	URSN	POST1968
MN94351	MN	1996	FALSE	URSN	POST1968
N93-0202	PRIVATE	1996	FALSE	URSN	POST1968
N93-0331	PRIVATE	1996	FALSE	URSN	POST1968
N93-0383	PRIVATE	1996	FALSE	URSN	POST1968
ND2736	ND	1996	FALSE	URSN	POST1968
ND2763	ND	1996	FALSE	URSN	POST1968
ND2764	ND	1996	FALSE	URSN	POST1968
SD3290	SD	1996	FALSE	URSN	POST1968
SD3300	SD	1996	FALSE	URSN	POST1968
SD3317	SD	1996	FALSE	URSN	POST1968
SD3330	SD	1996	FALSE	URSN	POST1968
SD8114	SD	1996	FALSE	URSN	POST1968
MT9508	MT	1997	FALSE	BOTH	POST1968
OSLO	AAFC-CA	1997	FALSE	BOTH	POST1968
SD3310	SD	1997	FALSE	BOTH	POST1968
B91-0228	PRIVATE	1997	FALSE	URN	POST1968
BW693	AAFC-CA	1997	FALSE	URN	POST1968
IVAN	PRIVATE	1997	FALSE	URN	POST1968
MN94055	MN	1997	FALSE	URN	POST1968
MN94200	MN	1997	FALSE	URN	POST1968
ND704	ND	1997	FALSE	URN	POST1968
NORPRO	PRIVATE	1997	FALSE	URN	POST1968
NX95-5160	PRIVATE	1997	FALSE	URN	POST1968
SCARLETT	WA	1997	FALSE	URN	POST1968
SD8119	SD	1997	FALSE	URN	POST1968
SHARPSHOOTER	PRIVATE	1997	FALSE	URN	POST1968
T1052	PRIVATE	1997	FALSE	URN	POST1968
TX92U2317	OTH	1997	FALSE	URN	POST1968
ZEKE	PRIVATE	1997	FALSE	URN	POST1968
SBF402	NA	1997	FALSE	URN	POST1968
WA7802	WA	1997	FALSE	URN	POST1968
NX95-5106	NA	1997	FALSE	URN	POST1968
95NPY1253	PRIVATE	1997	FALSE	URSN	POST1968
95NPY1255	PRIVATE	1997	FALSE	URSN	POST1968
95NPY1350	PRIVATE	1997	FALSE	URSN	POST1968
96KEY30	AAFC-CA	1997	FALSE	URSN	POST1968
96KEY31	AAFC-CA	1997	FALSE	URSN	POST1968
96KEY37	AAFC-CA	1997	FALSE	URSN	POST1968
96KEY9	AAFC-CA	1997	FALSE	URSN	POST1968
FHB34	AAFC-CA	1997	FALSE	URSN	POST1968
LDN-SUB.	ND	1997	FALSE	URSN	POST1968
MN94346	MN	1997	FALSE	URSN	POST1968
MN95124	MN	1997	FALSE	URSN	POST1968
MN95142	MN	1997	FALSE	URSN	POST1968
MN95211	MN	1997	FALSE	URSN	POST1968
N97-0322	PRIVATE	1997	FALSE	URSN	POST1968
N97-0323	PRIVATE	1997	FALSE	URSN	POST1968
N97-0324	PRIVATE	1997	FALSE	URSN	POST1968
N97-0326	PRIVATE	1997	FALSE	URSN	POST1968
ND2827	ND	1997	FALSE	URSN	POST1968
ND2836	ND	1997	FALSE	URSN	POST1968
SD-ADB54	SD	1997	FALSE	URSN	POST1968
SD-ADB61	SD	1997	FALSE	URSN	POST1968
SD-ADB9	SD	1997	FALSE	URSN	POST1968
SD3347	SD	1997	FALSE	URSN	POST1968
SD3355	SD	1997	FALSE	URSN	POST1968
BRIGGS	SD	1998	FALSE	BOTH	POST1968
MT9609	MT	1998	FALSE	BOTH	POST1968
ROBLIN	AAFC-CA	1998	FALSE	BOTH	POST1968
SD3345	SD	1998	FALSE	BOTH	POST1968
MN95286	MN	1998	FALSE	URN	POST1968
N95-0026	PRIVATE	1998	FALSE	URN	POST1968
N95-0144	PRIVATE	1998	FALSE	URN	POST1968
N95-0204	PRIVATE	1998	FALSE	URN	POST1968
N95-0264	PRIVATE	1998	FALSE	URN	POST1968
N95-0330	PRIVATE	1998	FALSE	URN	POST1968
ND705	ND	1998	FALSE	URN	POST1968
ND706	ND	1998	FALSE	URN	POST1968
OKLEE	MN	1998	FALSE	URN	POST1968
RL4788	AAFC-CA	1998	FALSE	URN	POST1968
SD3356	SD	1998	FALSE	URN	POST1968
SWP965-001	PRIVATE	1998	FALSE	URN	POST1968
TARA_2002	WA	1998	FALSE	URN	POST1968
WALWORTH	SD	1998	FALSE	URN	POST1968
93B42-V2A	AAFC-CA	1998	FALSE	URSN	POST1968
93B43-AH1A	AAFC-CA	1998	FALSE	URSN	POST1968
93FBB21	AAFC-CA	1998	FALSE	URSN	POST1968
96NPY1329	PRIVATE	1998	FALSE	URSN	POST1968
96NPY1370	PRIVATE	1998	FALSE	URSN	POST1968
96NPY1375	PRIVATE	1998	FALSE	URSN	POST1968
96NPY1439	PRIVATE	1998	FALSE	URSN	POST1968
96NPY1506	PRIVATE	1998	FALSE	URSN	POST1968
97EPWB12	AAFC-CA	1998	FALSE	URSN	POST1968
97EPWB16	AAFC-CA	1998	FALSE	URSN	POST1968
D940098	ND	1998	FALSE	URSN	POST1968
D941229	ND	1998	FALSE	URSN	POST1968
D941515	ND	1998	FALSE	URSN	POST1968
LANGDON	ND	1998	FALSE	URSN	POST1968
MN97237	MN	1998	FALSE	URSN	POST1968
MN97762	MN	1998	FALSE	URSN	POST1968
MN97847	MN	1998	FALSE	URSN	POST1968
ND2852	ND	1998	FALSE	URSN	POST1968
ND2891	ND	1998	FALSE	URSN	POST1968
ND2897	ND	1998	FALSE	URSN	POST1968
ND2906	ND	1998	FALSE	URSN	POST1968
SD3415	SD	1998	FALSE	URSN	POST1968
SD3423	SD	1998	FALSE	URSN	POST1968
SD3452	SD	1998	FALSE	URSN	POST1968
ALSEN	ND	1999	FALSE	BOTH	POST1968
FA997-703	NA	1999	FALSE	BOTH	POST1968
SD3407	SD	1999	FALSE	BOTH	POST1968
SD3414	SD	1999	FALSE	BOTH	POST1968
98T311	PRIVATE	1999	FALSE	URN	POST1968
98T379	PRIVATE	1999	FALSE	URN	POST1968
ADA	MN	1999	FALSE	URN	POST1968
BW252	AAFC-CA	1999	FALSE	URN	POST1968
BW748	AAFC-CA	1999	FALSE	URN	POST1968
DAPPS	ND	1999	FALSE	URN	POST1968
ID0523	ID	1999	FALSE	URN	POST1968
ID0533	ID	1999	FALSE	URN	POST1968
KNUDSON	PRIVATE	1999	FALSE	URN	POST1968
N96-0060	PRIVATE	1999	FALSE	URN	POST1968
N96-0111	PRIVATE	1999	FALSE	URN	POST1968
N96-0123	PRIVATE	1999	FALSE	URN	POST1968
ND709-9	ND	1999	FALSE	URN	POST1968
ND721	ND	1999	FALSE	URN	POST1968
ND726	ND	1999	FALSE	URN	POST1968
WA007839	WA	1999	FALSE	URN	POST1968
98T31	NA	1999	FALSE	URN	POST1968
93B42-AW3C	AAFC-CA	1999	FALSE	URSN	POST1968
97NPY3209	PRIVATE	1999	FALSE	URSN	POST1968
97NPY3263	PRIVATE	1999	FALSE	URSN	POST1968
97NPY3294	PRIVATE	1999	FALSE	URSN	POST1968
97NPY3445	PRIVATE	1999	FALSE	URSN	POST1968
97NPY3449	PRIVATE	1999	FALSE	URSN	POST1968
98EPWBFHB43	AAFC-CA	1999	FALSE	URSN	POST1968
99T412	PRIVATE	1999	FALSE	URSN	POST1968
99T413	PRIVATE	1999	FALSE	URSN	POST1968
99TSP115	PRIVATE	1999	FALSE	URSN	POST1968
99TSP119	PRIVATE	1999	FALSE	URSN	POST1968
DH98031	ND	1999	FALSE	URSN	POST1968
DH98052	ND	1999	FALSE	URSN	POST1968
DH98053	ND	1999	FALSE	URSN	POST1968
DH98069	ND	1999	FALSE	URSN	POST1968
FA897-733	PRIVATE	1999	FALSE	URSN	POST1968
FA897-735	PRIVATE	1999	FALSE	URSN	POST1968
HY644	AAFC-CA	1999	FALSE	URSN	POST1968
MN97518	MN	1999	FALSE	URSN	POST1968
MN97596	MN	1999	FALSE	URSN	POST1968
MN97603	MN	1999	FALSE	URSN	POST1968
MN98068	MN	1999	FALSE	URSN	POST1968
MN98513	MN	1999	FALSE	URSN	POST1968
ND2831	ND	1999	FALSE	URSN	POST1968
ND2928	ND	1999	FALSE	URSN	POST1968
ND2941	ND	1999	FALSE	URSN	POST1968
SD3521	SD	1999	FALSE	URSN	POST1968
SD3523	SD	1999	FALSE	URSN	POST1968
FREYR	PRIVATE	2000	FALSE	BOTH	POST1968
KEYSTONE	PRIVATE	2000	FALSE	BOTH	POST1968
N99-0010	PRIVATE	2000	FALSE	BOTH	POST1968
98S0191-22-2	PRIVATE	2000	FALSE	URN	POST1968
98S0191-60-8	PRIVATE	2000	FALSE	URN	POST1968
BW259	AAFC-CA	2000	FALSE	URN	POST1968
BW270	AAFC-CA	2000	FALSE	URN	POST1968
GRANITE	PRIVATE	2000	FALSE	URN	POST1968
HANNA	PRIVATE	2000	FALSE	URN	POST1968
ID0560	ID	2000	FALSE	URN	POST1968
MN97073	MN	2000	FALSE	URN	POST1968
MN97448	MN	2000	FALSE	URN	POST1968
N97-0090	PRIVATE	2000	FALSE	URN	POST1968
ND729	ND	2000	FALSE	URN	POST1968
SD3496	SD	2000	FALSE	URN	POST1968
SD3506	SD	2000	FALSE	URN	POST1968
SD3522	SD	2000	FALSE	URN	POST1968
ULEN	MN	2000	FALSE	URN	POST1968
WA007859	WA	2000	FALSE	URN	POST1968
9820191-60	NA	2000	FALSE	URN	POST1968
98S0191-22	NA	2000	FALSE	URN	POST1968
WA7839	WA	2000	FALSE	URN	POST1968
WA7859	WA	2000	FALSE	URN	POST1968
94B15-D9D5	NA	2000	FALSE	URSN	POST1968
94B16-S14A5	NA	2000	FALSE	URSN	POST1968
CI14371	SD	2000	FALSE	URSN	POST1968
D95565	ND	2000	FALSE	URSN	POST1968
D96596	ND	2000	FALSE	URSN	POST1968
D96622	ND	2000	FALSE	URSN	POST1968
FA-998-781	PRIVATE	2000	FALSE	URSN	POST1968
FA-998-782	PRIVATE	2000	FALSE	URSN	POST1968
FA-998-783	PRIVATE	2000	FALSE	URSN	POST1968
MN97039	MN	2000	FALSE	URSN	POST1968
MN97561	MN	2000	FALSE	URSN	POST1968
MN98037	MN	2000	FALSE	URSN	POST1968
MN98092	MN	2000	FALSE	URSN	POST1968
MN98208	MN	2000	FALSE	URSN	POST1968
MN98389	MN	2000	FALSE	URSN	POST1968
N99-0011	PRIVATE	2000	FALSE	URSN	POST1968
N99-0085	PRIVATE	2000	FALSE	URSN	POST1968
N99-0157	PRIVATE	2000	FALSE	URSN	POST1968
ND2955	ND	2000	FALSE	URSN	POST1968
ND2959	ND	2000	FALSE	URSN	POST1968
ND3006	ND	2000	FALSE	URSN	POST1968
ND712-12	ND	2000	FALSE	URSN	POST1968
PI182561	SD	2000	FALSE	URSN	POST1968
PI382161	SD	2000	FALSE	URSN	POST1968
PI382167	SD	2000	FALSE	URSN	POST1968
PI81791	SD	2000	FALSE	URSN	POST1968
RL4927	AAFC-CA	2000	FALSE	URSN	POST1968
RL4970	AAFC-CA	2000	FALSE	URSN	POST1968
RL4972	AAFC-CA	2000	FALSE	URSN	POST1968
SD3524	SD	2000	FALSE	URSN	POST1968
SD3561	SD	2000	FALSE	URSN	POST1968
SD3562	SD	2000	FALSE	URSN	POST1968
SD3588	SD	2000	FALSE	URSN	POST1968
BIGG-RED	PRIVATE	2001	FALSE	BOTH	POST1968
FA-900-793	PRIVATE	2001	FALSE	BOTH	POST1968
MN00269	MN	2001	FALSE	BOTH	POST1968
GRANGER	SD	2001	FALSE	URN	POST1968
MACON	WA	2001	FALSE	URN	POST1968
MN97063	MN	2001	FALSE	URN	POST1968
MT9874	MT	2001	FALSE	URN	POST1968
N96-0055	PRIVATE	2001	FALSE	URN	POST1968
N97-0100	PRIVATE	2001	FALSE	URN	POST1968
N97-0117	PRIVATE	2001	FALSE	URN	POST1968
N97-0189	PRIVATE	2001	FALSE	URN	POST1968
N97-2627	PRIVATE	2001	FALSE	URN	POST1968
ND740	ND	2001	FALSE	URN	POST1968
ND742	ND	2001	FALSE	URN	POST1968
ND743	ND	2001	FALSE	URN	POST1968
RL4958	AAFC-CA	2001	FALSE	URN	POST1968
SD3540	SD	2001	FALSE	URN	POST1968
STEELE-ND	ND	2001	FALSE	URN	POST1968
WA007875	WA	2001	FALSE	URN	POST1968
WA7875	WA	2001	FALSE	URN	POST1968
WA7899	WA	2001	FALSE	URN	POST1968
00EPWB-27	AAFC-CA	2001	FALSE	URSN	POST1968
9229G-003B	AAFC-CA	2001	FALSE	URSN	POST1968
96S0594-1	PRIVATE	2001	FALSE	URSN	POST1968
96S0594-2	PRIVATE	2001	FALSE	URSN	POST1968
97S0121-2	PRIVATE	2001	FALSE	URSN	POST1968
97S0205-1	PRIVATE	2001	FALSE	URSN	POST1968
BW308	AAFC-CA	2001	FALSE	URSN	POST1968
BW310	AAFC-CA	2001	FALSE	URSN	POST1968
BW311	AAFC-CA	2001	FALSE	URSN	POST1968
BW312	AAFC-CA	2001	FALSE	URSN	POST1968
D011501	ND	2001	FALSE	URSN	POST1968
D011502	ND	2001	FALSE	URSN	POST1968
D011503	ND	2001	FALSE	URSN	POST1968
D011504	ND	2001	FALSE	URSN	POST1968
D011505	ND	2001	FALSE	URSN	POST1968
D011506	ND	2001	FALSE	URSN	POST1968
ES66	AAFC-CA	2001	FALSE	URSN	POST1968
MN99109	MN	2001	FALSE	URSN	POST1968
MN99112	MN	2001	FALSE	URSN	POST1968
MN99126	MN	2001	FALSE	URSN	POST1968
MN99192	MN	2001	FALSE	URSN	POST1968
MN99322	MN	2001	FALSE	URSN	POST1968
N98-0439	PRIVATE	2001	FALSE	URSN	POST1968
ND2978	ND	2001	FALSE	URSN	POST1968
ND3035	ND	2001	FALSE	URSN	POST1968
ND3043	ND	2001	FALSE	URSN	POST1968
ND3044	ND	2001	FALSE	URSN	POST1968
PI104131	SD	2001	FALSE	URSN	POST1968
PI185380	SD	2001	FALSE	URSN	POST1968
PI349478	SD	2001	FALSE	URSN	POST1968
PI350768	SD	2001	FALSE	URSN	POST1968
PI382140	SD	2001	FALSE	URSN	POST1968
SD3599	SD	2001	FALSE	URSN	POST1968
SD3624	SD	2001	FALSE	URSN	POST1968
SD3650	SD	2001	FALSE	URSN	POST1968
SD3657	SD	2001	FALSE	URSN	POST1968
SD3666	SD	2001	FALSE	URSN	POST1968
CA-901-712	PRIVATE	2002	FALSE	BOTH	POST1968
SD3533	SD	2002	FALSE	BOTH	POST1968
01M88	PRIVATE	2002	FALSE	URN	POST1968
01M96	PRIVATE	2002	FALSE	URN	POST1968
01M97	PRIVATE	2002	FALSE	URN	POST1968
01M98	PRIVATE	2002	FALSE	URN	POST1968
BW306	AAFC-CA	2002	FALSE	URN	POST1968
BW313	AAFC-CA	2002	FALSE	URN	POST1968
HY469	AAFC-CA	2002	FALSE	URN	POST1968
MN97695-4	MN	2002	FALSE	URN	POST1968
MN98389-A	MN	2002	FALSE	URN	POST1968
MT9929	MT	2002	FALSE	URN	POST1968
N98-0286	PRIVATE	2002	FALSE	URN	POST1968
N98-0326	PRIVATE	2002	FALSE	URN	POST1968
N98-0328	PRIVATE	2002	FALSE	URN	POST1968
ND739	ND	2002	FALSE	URN	POST1968
ND744	ND	2002	FALSE	URN	POST1968
ND749	ND	2002	FALSE	URN	POST1968
ND750	ND	2002	FALSE	URN	POST1968
NDSW0246	ND	2002	FALSE	URN	POST1968
SD3623	SD	2002	FALSE	URN	POST1968
SD3641	SD	2002	FALSE	URN	POST1968
WA007914	WA	2002	FALSE	URN	POST1968
98B08A59	AAFC-CA	2002	FALSE	URSN	POST1968
98B08B111	AAFC-CA	2002	FALSE	URSN	POST1968
98B19N22	AAFC-CA	2002	FALSE	URSN	POST1968
98B19S87	AAFC-CA	2002	FALSE	URSN	POST1968
98B19T99	AAFC-CA	2002	FALSE	URSN	POST1968
98S0018-06	PRIVATE	2002	FALSE	URSN	POST1968
98S0084-11	PRIVATE	2002	FALSE	URSN	POST1968
98S0146-01	PRIVATE	2002	FALSE	URSN	POST1968
98S3015-01	PRIVATE	2002	FALSE	URSN	POST1968
CA-801-717	PRIVATE	2002	FALSE	URSN	POST1968
CA-801-748	PRIVATE	2002	FALSE	URSN	POST1968
D011512	ND	2002	FALSE	URSN	POST1968
D011515	ND	2002	FALSE	URSN	POST1968
D011521	ND	2002	FALSE	URSN	POST1968
D011527	ND	2002	FALSE	URSN	POST1968
MN00021	MN	2002	FALSE	URSN	POST1968
MN00173	MN	2002	FALSE	URSN	POST1968
MN00274	MN	2002	FALSE	URSN	POST1968
MN99225	MN	2002	FALSE	URSN	POST1968
MN99408	MN	2002	FALSE	URSN	POST1968
ND3020	ND	2002	FALSE	URSN	POST1968
ND3078	ND	2002	FALSE	URSN	POST1968
ND3085	ND	2002	FALSE	URSN	POST1968
ND3088	ND	2002	FALSE	URSN	POST1968
ND3098	ND	2002	FALSE	URSN	POST1968
PI163429	OTHER	2002	FALSE	URSN	POST1968
PI168727	OTHER	2002	FALSE	URSN	POST1968
PI185843	OTHER	2002	FALSE	URSN	POST1968
PI264940	OTHER	2002	FALSE	URSN	POST1968
PI345731	OTHER	2002	FALSE	URSN	POST1968
SD3686	SD	2002	FALSE	URSN	POST1968
SD3692	SD	2002	FALSE	URSN	POST1968
SD3696	SD	2002	FALSE	URSN	POST1968
SD3718	SD	2002	FALSE	URSN	POST1968
98S0113-20	PRIVATE	2003	FALSE	BOTH	POST1968
GLENN	ND	2003	FALSE	BOTH	POST1968
ND03_1-15	ND	2003	FALSE	BOTH	POST1968
ND03_1-9	ND	2003	FALSE	BOTH	POST1968
SD3746	SD	2003	FALSE	BOTH	POST1968
TROOPER	PRIVATE	2003	FALSE	BOTH	POST1968
960404-03	PRIVATE	2003	FALSE	URN	POST1968
96S0356-15	PRIVATE	2003	FALSE	URN	POST1968
BW307	AAFC-CA	2003	FALSE	URN	POST1968
BW314A	AAFC-CA	2003	FALSE	URN	POST1968
BZ-998-447W	PRIVATE	2003	FALSE	URN	POST1968
ENTRY_221	AAFC-CA	2003	FALSE	URN	POST1968
ENTRY_241	AAFC-CA	2003	FALSE	URN	POST1968
ENTRY_264	AAFC-CA	2003	FALSE	URN	POST1968
ES54	AAFC-CA	2003	FALSE	URN	POST1968
HOWARD	ND	2003	FALSE	URN	POST1968
N99-0241	PRIVATE	2003	FALSE	URN	POST1968
N99-2234	PRIVATE	2003	FALSE	URN	POST1968
ND751	ND	2003	FALSE	URN	POST1968
ND801	ND	2003	FALSE	URN	POST1968
RB07	MN	2003	FALSE	URN	POST1968
SD3618	SD	2003	FALSE	URN	POST1968
SD3635	SD	2003	FALSE	URN	POST1968
WA007925	WA	2003	FALSE	URN	POST1968
WA007931	WA	2003	FALSE	URN	POST1968
96B32-AN3C	AAFC-CA	2003	FALSE	URSN	POST1968
98S0083-12	PRIVATE	2003	FALSE	URSN	POST1968
98S0311-17	PRIVATE	2003	FALSE	URSN	POST1968
99S0024-14	PRIVATE	2003	FALSE	URSN	POST1968
99S0030-3-1	PRIVATE	2003	FALSE	URSN	POST1968
ALBIDUM43	OTHER	2003	FALSE	URSN	POST1968
ARTEMOWSKA	OTHER	2003	FALSE	URSN	POST1968
BUCKAUSTRAL	OTHER	2003	FALSE	URSN	POST1968
CA-801-706	PRIVATE	2003	FALSE	URSN	POST1968
CA-801-715	PRIVATE	2003	FALSE	URSN	POST1968
CA-801-721	PRIVATE	2003	FALSE	URSN	POST1968
CA-901-590W	PRIVATE	2003	FALSE	URSN	POST1968
D011508	ND	2003	FALSE	URSN	POST1968
D011509	ND	2003	FALSE	URSN	POST1968
D011510	ND	2003	FALSE	URSN	POST1968
D011511	ND	2003	FALSE	URSN	POST1968
D011525	ND	2003	FALSE	URSN	POST1968
KLEINCONDOR	OTHER	2003	FALSE	URSN	POST1968
MN00232-2	MN	2003	FALSE	URSN	POST1968
MN01116	MN	2003	FALSE	URSN	POST1968
MN01180	MN	2003	FALSE	URSN	POST1968
MN01281	MN	2003	FALSE	URSN	POST1968
MN99433-1	MN	2003	FALSE	URSN	POST1968
ND03_3-1	ND	2003	FALSE	URSN	POST1968
ND2790	ND	2003	FALSE	URSN	POST1968
ND3015	ND	2003	FALSE	URSN	POST1968
SD3739	SD	2003	FALSE	URSN	POST1968
SD3754	SD	2003	FALSE	URSN	POST1968
SD3776	SD	2003	FALSE	URSN	POST1968
SD3784	SD	2003	FALSE	URSN	POST1968
STEPNJACHKA	OTHER	2003	FALSE	URSN	POST1968
CROMWELL	MN	2004	FALSE	BOTH	POST1968
NDSW0345	ND	2004	FALSE	BOTH	POST1968
TOM	MN	2004	FALSE	BOTH	POST1968
VIDA	MT	2004	FALSE	BOTH	POST1968
96S0404-03	PRIVATE	2004	FALSE	URN	POST1968
97S0254-8-1	PRIVATE	2004	FALSE	URN	POST1968
98S0051-1	PRIVATE	2004	FALSE	URN	POST1968
BW341	AAFC-CA	2004	FALSE	URN	POST1968
BW346	AAFC-CA	2004	FALSE	URN	POST1968
CA-901-580W	PRIVATE	2004	FALSE	URN	POST1968
ES63	AAFC-CA	2004	FALSE	URN	POST1968
KUNTZ	PRIVATE	2004	FALSE	URN	POST1968
MN01197	MN	2004	FALSE	URN	POST1968
MN01333-A	MN	2004	FALSE	URN	POST1968
MT0249	MT	2004	FALSE	URN	POST1968
NDSW0217	ND	2004	FALSE	URN	POST1968
NDSW0347	ND	2004	FALSE	URN	POST1968
RUSH	PRIVATE	2004	FALSE	URN	POST1968
SD3668	SD	2004	FALSE	URN	POST1968
SD3747	SD	2004	FALSE	URN	POST1968
TRAVERSE	SD	2004	FALSE	URN	POST1968
BW828	AAFC-CA	2004	FALSE	URN	POST1968
MT0245	MT	2004	FALSE	URN	POST1968
03CBWA3-15	AAFC-CA	2004	FALSE	URSN	POST1968
03CBWC-21	AAFC-CA	2004	FALSE	URSN	POST1968
99S0146ES	PRIVATE	2004	FALSE	URSN	POST1968
99S0178-7	PRIVATE	2004	FALSE	URSN	POST1968
99S0196-3	PRIVATE	2004	FALSE	URSN	POST1968
99S0347-2	PRIVATE	2004	FALSE	URSN	POST1968
CA-03-937	PRIVATE	2004	FALSE	URSN	POST1968
DG013141	PRIVATE	2004	FALSE	URSN	POST1968
DG014152	PRIVATE	2004	FALSE	URSN	POST1968
FI-03-2318	PRIVATE	2004	FALSE	URSN	POST1968
FI-03-2501	PRIVATE	2004	FALSE	URSN	POST1968
FI-03-2506	PRIVATE	2004	FALSE	URSN	POST1968
FI-03-2665	PRIVATE	2004	FALSE	URSN	POST1968
FI-03-2747	PRIVATE	2004	FALSE	URSN	POST1968
FI-97-844-8	PRIVATE	2004	FALSE	URSN	POST1968
HY688	AAFC-CA	2004	FALSE	URSN	POST1968
HY699	AAFC-CA	2004	FALSE	URSN	POST1968
MN00187-3	MN	2004	FALSE	URSN	POST1968
MN01164	MN	2004	FALSE	URSN	POST1968
MN01NIL84-5-5-15	MN	2004	FALSE	URSN	POST1968
MN99220-4	MN	2004	FALSE	URSN	POST1968
MN99341-2-5	MN	2004	FALSE	URSN	POST1968
PI189816	NA	2004	FALSE	URSN	POST1968
PI197664	NA	2004	FALSE	URSN	POST1968
PI225396	NA	2004	FALSE	URSN	POST1968
PI69321	NA	2004	FALSE	URSN	POST1968
PI74494	NA	2004	FALSE	URSN	POST1968
RUGBY	ND	2004	FALSE	URSN	POST1968
SD3895	SD	2004	FALSE	URSN	POST1968
SD3901	SD	2004	FALSE	URSN	POST1968
SD3911	SD	2004	FALSE	URSN	POST1968
SD3924	SD	2004	FALSE	URSN	POST1968
SD3936	SD	2004	FALSE	URSN	POST1968
BRICK	SD	2005	FALSE	BOTH	POST1968
CA-904-742	PRIVATE	2005	FALSE	BOTH	POST1968
CA-904-743	PRIVATE	2005	FALSE	BOTH	POST1968
NDSW0350	ND	2005	FALSE	BOTH	POST1968
WB-PIVOT	PRIVATE	2005	FALSE	BOTH	POST1968
00H04J3	AAFC-CA	2005	FALSE	URN	POST1968
99S0006-2	PRIVATE	2005	FALSE	URN	POST1968
99S0051-3-1	PRIVATE	2005	FALSE	URN	POST1968
BW361	AAFC-CA	2005	FALSE	URN	POST1968
BW364	AAFC-CA	2005	FALSE	URN	POST1968
BW367	AAFC-CA	2005	FALSE	URN	POST1968
BZ-999-592	PRIVATE	2005	FALSE	URN	POST1968
MN02072	MN	2005	FALSE	URN	POST1968
MN02252-A	MN	2005	FALSE	URN	POST1968
MT0266	MT	2005	FALSE	URN	POST1968
ND03_1-13	ND	2005	FALSE	URN	POST1968
ND04_3-18	ND	2005	FALSE	URN	POST1968
ND04_3-19	ND	2005	FALSE	URN	POST1968
NDSW0348	ND	2005	FALSE	URN	POST1968
SD3854	SD	2005	FALSE	URN	POST1968
SD3868	SD	2005	FALSE	URN	POST1968
SD3870	SD	2005	FALSE	URN	POST1968
WA007957	WA	2005	FALSE	URN	POST1968
00S0063-1	PRIVATE	2005	FALSE	URSN	POST1968
00S0240-3	PRIVATE	2005	FALSE	URSN	POST1968
00S0249-9	PRIVATE	2005	FALSE	URSN	POST1968
00S0251-6	PRIVATE	2005	FALSE	URSN	POST1968
CA-804-744	PRIVATE	2005	FALSE	URSN	POST1968
CA-804-745	PRIVATE	2005	FALSE	URSN	POST1968
CA-804-746	PRIVATE	2005	FALSE	URSN	POST1968
DG012166	PRIVATE	2005	FALSE	URSN	POST1968
FA-800-772	PRIVATE	2005	FALSE	URSN	POST1968
MN01057-3-1	MN	2005	FALSE	URSN	POST1968
MN01380-2-1	MN	2005	FALSE	URSN	POST1968
MN02051-1	MN	2005	FALSE	URSN	POST1968
MN02219-1	MN	2005	FALSE	URSN	POST1968
MN02306-2	MN	2005	FALSE	URSN	POST1968
MO5_1-14	ND	2005	FALSE	URSN	POST1968
MO5_1-15	ND	2005	FALSE	URSN	POST1968
MO5_1-16	ND	2005	FALSE	URSN	POST1968
MO5_1-17	ND	2005	FALSE	URSN	POST1968
MO5_1-18	ND	2005	FALSE	URSN	POST1968
MT03501487	MT	2005	FALSE	URSN	POST1968
MT03501736	MT	2005	FALSE	URSN	POST1968
MT03502405	MT	2005	FALSE	URSN	POST1968
MT03502420	MT	2005	FALSE	URSN	POST1968
MT03502445	MT	2005	FALSE	URSN	POST1968
NDSURF2398	ND	2005	FALSE	URSN	POST1968
SD3973	SD	2005	FALSE	URSN	POST1968
SD3975	SD	2005	FALSE	URSN	POST1968
SD3979	SD	2005	FALSE	URSN	POST1968
SD3989	SD	2005	FALSE	URSN	POST1968
SD3991	SD	2005	FALSE	URSN	POST1968
SNOWSTAR	AAFC-CA	2005	FALSE	URSN	POST1968
05MSP5	PRIVATE	2006	FALSE	BOTH	POST1968
BLADE	PRIVATE	2006	FALSE	BOTH	POST1968
NDSW0430	ND	2006	FALSE	BOTH	POST1968
SABIN	MN	2006	FALSE	BOTH	POST1968
WASKADA	AAFC-CA	2006	FALSE	BOTH	POST1968
98S0051-1-14	PRIVATE	2006	FALSE	URN	POST1968
98S0113-20-23	PRIVATE	2006	FALSE	URN	POST1968
99S0362-21	PRIVATE	2006	FALSE	URN	POST1968
BW342	AAFC-CA	2006	FALSE	URN	POST1968
BW379	AAFC-CA	2006	FALSE	URN	POST1968
BW864	AAFC-CA	2006	FALSE	URN	POST1968
BZ901-543W	PRIVATE	2006	FALSE	URN	POST1968
CA-905-751	PRIVATE	2006	FALSE	URN	POST1968
LCS-BREAKAWAY	MN	2006	FALSE	URN	POST1968
MN02255	MN	2006	FALSE	URN	POST1968
MN03306-1	MN	2006	FALSE	URN	POST1968
MOTT	ND	2006	FALSE	URN	POST1968
MT0415	MT	2006	FALSE	URN	POST1968
MT0416	MT	2006	FALSE	URN	POST1968
ND04_3-20	ND	2006	FALSE	URN	POST1968
ND04_3-21	ND	2006	FALSE	URN	POST1968
NDSW0481	ND	2006	FALSE	URN	POST1968
NE-108-46	OTH	2006	FALSE	URN	POST1968
NE-188-24	OTH	2006	FALSE	URN	POST1968
PT436	AAFC-CA	2006	FALSE	URN	POST1968
SAMSON	PRIVATE	2006	FALSE	URN	POST1968
SD3943	SD	2006	FALSE	URN	POST1968
SD3944	SD	2006	FALSE	URN	POST1968
SD4001	SD	2006	FALSE	URN	POST1968
VANTAGE	PRIVATE	2006	FALSE	URN	POST1968
WA007998	WA	2006	FALSE	URN	POST1968
00S0244-23	PRIVATE	2006	FALSE	URSN	POST1968
00S0327-18	PRIVATE	2006	FALSE	URSN	POST1968
01S0380-18	PRIVATE	2006	FALSE	URSN	POST1968
CA-905-753	PRIVATE	2006	FALSE	URSN	POST1968
CA-905-754	PRIVATE	2006	FALSE	URSN	POST1968
CA-905-755	PRIVATE	2006	FALSE	URSN	POST1968
CA803-737	PRIVATE	2006	FALSE	URSN	POST1968
MN00209-3-1	MN	2006	FALSE	URSN	POST1968
MN02222-1	MN	2006	FALSE	URSN	POST1968
MN02268-A-4	MN	2006	FALSE	URSN	POST1968
SD3934	SD	2006	FALSE	URSN	POST1968
SD4041	SD	2006	FALSE	URSN	POST1968
SD4042	SD	2006	FALSE	URSN	POST1968
SD4059	SD	2006	FALSE	URSN	POST1968
SD4066	SD	2006	FALSE	URSN	POST1968
01S0236-6	PRIVATE	2007	FALSE	BOTH	POST1968
01S0377-6	PRIVATE	2007	FALSE	BOTH	POST1968
06MSP3	PRIVATE	2007	FALSE	BOTH	POST1968
BREAKER	PRIVATE	2007	FALSE	BOTH	POST1968
ES101	AAFC-CA	2007	FALSE	BOTH	POST1968
LCS-ALBANY	PRIVATE	2007	FALSE	BOTH	POST1968
SD3942	SD	2007	FALSE	BOTH	POST1968
SELECT	SD	2007	FALSE	BOTH	POST1968
WB-LYN	PRIVATE	2007	FALSE	BOTH	POST1968
00S0211-29-4	PRIVATE	2007	FALSE	URN	POST1968
00S0292-14	PRIVATE	2007	FALSE	URN	POST1968
BRENNAN	PRIVATE	2007	FALSE	URN	POST1968
BW873	AAFC-CA	2007	FALSE	URN	POST1968
BZ903-513W	PRIVATE	2007	FALSE	URN	POST1968
ES95	AAFC-CA	2007	FALSE	URN	POST1968
JENNA	PRIVATE	2007	FALSE	URN	POST1968
MN03119-4	MN	2007	FALSE	URN	POST1968
MN03308-4	MN	2007	FALSE	URN	POST1968
MT0516	MT	2007	FALSE	URN	POST1968
ND05_1-1	ND	2007	FALSE	URN	POST1968
ND05_1-2	ND	2007	FALSE	URN	POST1968
NDSW0601	ND	2007	FALSE	URN	POST1968
NORDEN	MN	2007	FALSE	URN	POST1968
SD3956	SD	2007	FALSE	URN	POST1968
UNITY_VB	AAFC-CA	2007	FALSE	URN	POST1968
VELVA	ND	2007	FALSE	URN	POST1968
WA008013	WA	2007	FALSE	URN	POST1968
BW362	NA	2007	FALSE	URN	POST1968
ND05_1-3	ND	2007	FALSE	URN	POST1968
01S0099-8	PRIVATE	2007	FALSE	URSN	POST1968
02S0227-6	PRIVATE	2007	FALSE	URSN	POST1968
BA04-CH-1	AAFC-CA	2007	FALSE	URSN	POST1968
BA07-DE-19	AAFC-CA	2007	FALSE	URSN	POST1968
BW872	AAFC-CA	2007	FALSE	URSN	POST1968
CA806-804	PRIVATE	2007	FALSE	URSN	POST1968
CA806-805	PRIVATE	2007	FALSE	URSN	POST1968
CA806-806	PRIVATE	2007	FALSE	URSN	POST1968
CA806-807	PRIVATE	2007	FALSE	URSN	POST1968
FN1706-185	SD	2007	FALSE	URSN	POST1968
FN1706-213	SD	2007	FALSE	URSN	POST1968
FN1706-38	SD	2007	FALSE	URSN	POST1968
HY682	AAFC-CA	2007	FALSE	URSN	POST1968
HY689	AAFC-CA	2007	FALSE	URSN	POST1968
MN01X074-14	MN	2007	FALSE	URSN	POST1968
MN03013-3-2	MN	2007	FALSE	URSN	POST1968
MN03191-2-1	MN	2007	FALSE	URSN	POST1968
NDSW0714	ND	2007	FALSE	URSN	POST1968
NDSW0715	ND	2007	FALSE	URSN	POST1968
RIL39	MN	2007	FALSE	URSN	POST1968
RIL60	MN	2007	FALSE	URSN	POST1968
RIL64	MN	2007	FALSE	URSN	POST1968
RIL80	MN	2007	FALSE	URSN	POST1968
RIL83	MN	2007	FALSE	URSN	POST1968
02S0178-1	PRIVATE	2008	FALSE	BOTH	POST1968
BROGAN	PRIVATE	2008	FALSE	BOTH	POST1968
CA-907-824	PRIVATE	2008	FALSE	BOTH	POST1968
CA-907-834	PRIVATE	2008	FALSE	BOTH	POST1968
CA-907-835	PRIVATE	2008	FALSE	BOTH	POST1968
SD4027	SD	2008	FALSE	BOTH	POST1968
01S0263-29	PRIVATE	2008	FALSE	URN	POST1968
BW365	AAFC-CA	2008	FALSE	URN	POST1968
BW396	AAFC-CA	2008	FALSE	URN	POST1968
BW415	AAFC-CA	2008	FALSE	URN	POST1968
BW430	AAFC-CA	2008	FALSE	URN	POST1968
BW897	AAFC-CA	2008	FALSE	URN	POST1968
BZ901-717	PRIVATE	2008	FALSE	URN	POST1968
KELSE	WA	2008	FALSE	URN	POST1968
MN03169-2-062	MN	2008	FALSE	URN	POST1968
MN05141-2	MN	2008	FALSE	URN	POST1968
MT0713	MT	2008	FALSE	URN	POST1968
NDSW0501	ND	2008	FALSE	URN	POST1968
SD4024	SD	2008	FALSE	URN	POST1968
SD4036	SD	2008	FALSE	URN	POST1968
SD4073	SD	2008	FALSE	URN	POST1968
SY-SOREN	PRIVATE	2008	FALSE	URN	POST1968
01S0335-4-3	PRIVATE	2008	FALSE	URSN	POST1968
02S0066-13	PRIVATE	2008	FALSE	URSN	POST1968
02S0208-22	PRIVATE	2008	FALSE	URSN	POST1968
CA-907-830	PRIVATE	2008	FALSE	URSN	POST1968
CA807-806	PRIVATE	2008	FALSE	URSN	POST1968
CA807-808	PRIVATE	2008	FALSE	URSN	POST1968
CA807-810	PRIVATE	2008	FALSE	URSN	POST1968
MN03342-4	MN	2008	FALSE	URSN	POST1968
MN05058	MN	2008	FALSE	URSN	POST1968
MN05117-7	MN	2008	FALSE	URSN	POST1968
MN05149-5	MN	2008	FALSE	URSN	POST1968
ND07_3-10	ND	2008	FALSE	URSN	POST1968
ND07_3-11	ND	2008	FALSE	URSN	POST1968
ND07_3-12	ND	2008	FALSE	URSN	POST1968
ND08_3-11	ND	2008	FALSE	URSN	POST1968
ND08_3-12	ND	2008	FALSE	URSN	POST1968
SD4181	SD	2008	FALSE	URSN	POST1968
SD4182	SD	2008	FALSE	URSN	POST1968
SD4186	SD	2008	FALSE	URSN	POST1968
SD4192	SD	2008	FALSE	URSN	POST1968
02S0091-9	PRIVATE	2009	FALSE	BOTH	POST1968
03S0119-12	PRIVATE	2009	FALSE	BOTH	POST1968
03S0352-22	PRIVATE	2009	FALSE	BOTH	POST1968
CA-908-801	PRIVATE	2009	FALSE	BOTH	POST1968
FOREFRONT	SD	2009	FALSE	BOTH	POST1968
LINKERT	MN	2009	FALSE	BOTH	POST1968
ROLLAG	MN	2009	FALSE	BOTH	POST1968
SD4011	SD	2009	FALSE	BOTH	POST1968
WB-MAYVILLE	PRIVATE	2009	FALSE	BOTH	POST1968
BB34-CK-1-B-17	AAFC-CA	2009	FALSE	URN	POST1968
BD94BD0248	AAFC-CA	2009	FALSE	URN	POST1968
BW914	AAFC-CA	2009	FALSE	URN	POST1968
BZ901-658-J	PRIVATE	2009	FALSE	URN	POST1968
BZ901-678-G	PRIVATE	2009	FALSE	URN	POST1968
EDGE	PRIVATE	2009	FALSE	URN	POST1968
MN06018	MN	2009	FALSE	URN	POST1968
MO3_3-23	ND	2009	FALSE	URN	POST1968
MO5_1-2	ND	2009	FALSE	URN	POST1968
MO5_1-3	ND	2009	FALSE	URN	POST1968
MO6_1-23	ND	2009	FALSE	URN	POST1968
MO6_1-24	ND	2009	FALSE	URN	POST1968
NDSW0612	ND	2009	FALSE	URN	POST1968
NDSW0701	ND	2009	FALSE	URN	POST1968
NDSW0702	ND	2009	FALSE	URN	POST1968
NDSW0703	ND	2009	FALSE	URN	POST1968
SD4076	SD	2009	FALSE	URN	POST1968
SD4112	SD	2009	FALSE	URN	POST1968
WB-DIGGER	PRIVATE	2009	FALSE	URN	POST1968
FALLER	ND	2009	FALSE	URN	POST1968
MO_1-2	NA	2009	FALSE	URN	POST1968
MO_1-23	NA	2009	FALSE	URN	POST1968
MO_1-24	NA	2009	FALSE	URN	POST1968
MO_1-3	NA	2009	FALSE	URN	POST1968
MO_3-23	NA	2009	FALSE	URN	POST1968
01S0094-65	PRIVATE	2009	FALSE	URSN	POST1968
3X1-134FA0067	AAFC-CA	2009	FALSE	URSN	POST1968
BD76AJ0199	AAFC-CA	2009	FALSE	URSN	POST1968
BW871	AAFC-CA	2009	FALSE	URSN	POST1968
CA-908-802	PRIVATE	2009	FALSE	URSN	POST1968
CA-908-869	PRIVATE	2009	FALSE	URSN	POST1968
CA-908-870	PRIVATE	2009	FALSE	URSN	POST1968
CA-908-874	PRIVATE	2009	FALSE	URSN	POST1968
MN05152-1-1	MN	2009	FALSE	URSN	POST1968
MN06049-1-3	MN	2009	FALSE	URSN	POST1968
MN06202-3-1	MN	2009	FALSE	URSN	POST1968
MN06213-6-2-4	MN	2009	FALSE	URSN	POST1968
MN06219-2-2	MN	2009	FALSE	URSN	POST1968
ND09_URSN-1	ND	2009	FALSE	URSN	POST1968
ND09_URSN-2	ND	2009	FALSE	URSN	POST1968
ND09_URSN-3	ND	2009	FALSE	URSN	POST1968
ND09_URSN-4	ND	2009	FALSE	URSN	POST1968
ND09_URSN-5	ND	2009	FALSE	URSN	POST1968
BW928	AAFC-CA	2010	FALSE	BOTH	POST1968
02S0170-3	PRIVATE	2010	FALSE	URN	POST1968
09FSP3	PRIVATE	2010	FALSE	URN	POST1968
ADVANCE	SD	2010	FALSE	URN	POST1968
BW427	AAFC-CA	2010	FALSE	URN	POST1968
BW431	AAFC-CA	2010	FALSE	URN	POST1968
DUCLAIR	MT	2010	FALSE	URN	POST1968
LCS-POWERPLAY	PRIVATE	2010	FALSE	URN	POST1968
MN06075-4	MN	2010	FALSE	URN	POST1968
MT0827	MT	2010	FALSE	URN	POST1968
MT0852	MT	2010	FALSE	URN	POST1968
SY-ROWYN	PRIVATE	2010	FALSE	URN	POST1968
WB9209	MN	2010	FALSE	URN	POST1968
MT0832	MT	2010	FALSE	URN	POST1968
03S0211-3	PRIVATE	2010	FALSE	URSN	POST1968
04S0196-1	PRIVATE	2010	FALSE	URSN	POST1968
04S0202-1	PRIVATE	2010	FALSE	URSN	POST1968
04S0209-4	PRIVATE	2010	FALSE	URSN	POST1968
04S0301-3	PRIVATE	2010	FALSE	URSN	POST1968
04V51A0498	AAFC-CA	2010	FALSE	URSN	POST1968
FN09-17017	SD	2010	FALSE	URSN	POST1968
FN09-17210	SD	2010	FALSE	URSN	POST1968
FN09-17213	SD	2010	FALSE	URSN	POST1968
FN09-17270	SD	2010	FALSE	URSN	POST1968
FN09-17275	SD	2010	FALSE	URSN	POST1968
MN06216-6-2-4	MN	2010	FALSE	URSN	POST1968
MN07049-7-3	MN	2010	FALSE	URSN	POST1968
MN07183-3	MN	2010	FALSE	URSN	POST1968
MN08124	MN	2010	FALSE	URSN	POST1968
MN08145	MN	2010	FALSE	URSN	POST1968
MN08145-2-3	MN	2010	FALSE	URSN	POST1968
MT09SCAB16	MT	2010	FALSE	URSN	POST1968
MT09SCAB3	MT	2010	FALSE	URSN	POST1968
MT09SCAB5	MT	2010	FALSE	URSN	POST1968
MT09SCAB9	MT	2010	FALSE	URSN	POST1968
SH1	AAFC-CA	2010	FALSE	URSN	POST1968
SH2	AAFC-CA	2010	FALSE	URSN	POST1968
SH3	AAFC-CA	2010	FALSE	URSN	POST1968
SD4313	SD	2011	FALSE	BOTH	POST1968
BOLLES	MN	2011	FALSE	URN	POST1968
MN07199-6	MN	2011	FALSE	URN	POST1968
MN08032-8	MN	2011	FALSE	URN	POST1968
MN08105-7	MN	2011	FALSE	URN	POST1968
MO6-1-25	ND	2011	FALSE	URN	POST1968
MO9-3-4	MT	2011	FALSE	URN	POST1968
PREVAIL	SD	2011	FALSE	URN	POST1968
SD4165	SD	2011	FALSE	URN	POST1968
SD4189	SD	2011	FALSE	URN	POST1968
SD4199	SD	2011	FALSE	URN	POST1968
SD4213	SD	2011	FALSE	URN	POST1968
SD4215	SD	2011	FALSE	URN	POST1968
10EXP13-16	ND	2011	FALSE	URSN	POST1968
10EXP13-24	ND	2011	FALSE	URSN	POST1968
10EXP13-44	ND	2011	FALSE	URSN	POST1968
10EXP13-87	ND	2011	FALSE	URSN	POST1968
10EXPSW13-19	ND	2011	FALSE	URSN	POST1968
10EXPSW13-28	ND	2011	FALSE	URSN	POST1968
10EXPSW13-9	ND	2011	FALSE	URSN	POST1968
BW429	AAFC-CA	2011	FALSE	URSN	POST1968
MN07057-6-4	MN	2011	FALSE	URSN	POST1968
MN07167W-2-1	MN	2011	FALSE	URSN	POST1968
MN09023	MN	2011	FALSE	URSN	POST1968
MN09092	MN	2011	FALSE	URSN	POST1968
SD4331	SD	2011	FALSE	URSN	POST1968
SD4337	SD	2011	FALSE	URSN	POST1968
SD4338	SD	2011	FALSE	URSN	POST1968
SD4343	SD	2011	FALSE	URSN	POST1968
X00009-16	MN	2011	FALSE	URSN	POST1968
MN09028-1	MN	2012	FALSE	URN	POST1968
MN09186	MN	2012	FALSE	URN	POST1968
MO_09_3-5	ND	2012	FALSE	URN	POST1968
MO8_3-4	ND	2012	FALSE	URN	POST1968
MO8-3-5	ND	2012	FALSE	URN	POST1968
MT1007	MT	2012	FALSE	URN	POST1968
MT1016	MT	2012	FALSE	URN	POST1968
MT1053	MT	2012	FALSE	URN	POST1968
MT1157	MT	2012	FALSE	URN	POST1968
NDSW703	ND	2012	FALSE	URN	POST1968
SD4250	SD	2012	FALSE	URN	POST1968
11EXP13-105	ND	2012	FALSE	URSN	POST1968
11EXP13-107	ND	2012	FALSE	URSN	POST1968
11EXP13-43	ND	2012	FALSE	URSN	POST1968
11EXP13-65	ND	2012	FALSE	URSN	POST1968
11EXP13-78	ND	2012	FALSE	URSN	POST1968
BW464	AAFC-CA	2012	FALSE	URSN	POST1968
BW484	AAFC-CA	2012	FALSE	URSN	POST1968
MN08166	MN	2012	FALSE	URSN	POST1968
MN08173	MN	2012	FALSE	URSN	POST1968
MN09027	MN	2012	FALSE	URSN	POST1968
MN09071	MN	2012	FALSE	URSN	POST1968
MN09121	MN	2012	FALSE	URSN	POST1968
N10-0176	PRIVATE	2012	FALSE	URSN	POST1968
SD4361	SD	2012	FALSE	URSN	POST1968
SD4366	SD	2012	FALSE	URSN	POST1968
SD4388	SD	2012	FALSE	URSN	POST1968
SD4394	SD	2012	FALSE	URSN	POST1968
SD4397	SD	2012	FALSE	URSN	POST1968
BW483	AAFC-CA	2013	FALSE	BOTH	POST1968
LANG-MN	MN	2013	FALSE	BOTH	POST1968
LNR10-0176	PRIVATE	2013	FALSE	BOTH	POST1968
LNR10-0493	PRIVATE	2013	FALSE	BOTH	POST1968
MS-CHEVELLE	PRIVATE	2013	FALSE	BOTH	POST1968
05S0157-4	PRIVATE	2013	FALSE	URN	POST1968
05S0242-6	PRIVATE	2013	FALSE	URN	POST1968
06S0157-1	PRIVATE	2013	FALSE	URN	POST1968
06S0327-1	PRIVATE	2013	FALSE	URN	POST1968
BOOST	SD	2013	FALSE	URN	POST1968
HY1319	AAFC-CA	2013	FALSE	URN	POST1968
MN10061	MN	2013	FALSE	URN	POST1968
MN10204-6	MN	2013	FALSE	URN	POST1968
MT1142	MT	2013	FALSE	URN	POST1968
MT1172	MT	2013	FALSE	URN	POST1968
PT472	AAFC-CA	2013	FALSE	URN	POST1968
SD4321	SD	2013	FALSE	URN	POST1968
SY-VALDA	PRIVATE	2013	FALSE	URN	POST1968
07S0018-2	PRIVATE	2013	FALSE	URSN	POST1968
07S0027-3	PRIVATE	2013	FALSE	URSN	POST1968
07S0184-11	PRIVATE	2013	FALSE	URSN	POST1968
07S0203-9	PRIVATE	2013	FALSE	URSN	POST1968
07S0209-29	PRIVATE	2013	FALSE	URSN	POST1968
12-14-147	ND	2013	FALSE	URSN	POST1968
12-14-158	ND	2013	FALSE	URSN	POST1968
12-14-172	ND	2013	FALSE	URSN	POST1968
12-14-81	ND	2013	FALSE	URSN	POST1968
12-14-97	ND	2013	FALSE	URSN	POST1968
MN09157	MN	2013	FALSE	URSN	POST1968
MN10055	MN	2013	FALSE	URSN	POST1968
MN10285	MN	2013	FALSE	URSN	POST1968
MN10362	MN	2013	FALSE	URSN	POST1968
MN10368	MN	2013	FALSE	URSN	POST1968
SD4487	SD	2013	FALSE	URSN	POST1968
SD4518	SD	2013	FALSE	URSN	POST1968
SD4536	SD	2013	FALSE	URSN	POST1968
SD4541	SD	2013	FALSE	URSN	POST1968
SD4544	SD	2013	FALSE	URSN	POST1968
BW485	AAFC-CA	2014	FALSE	BOTH	POST1968
MN11394-6	MN	2014	FALSE	BOTH	POST1968
SD4546	SD	2014	FALSE	BOTH	POST1968
BIO-10200	PRIVATE	2014	FALSE	URN	POST1968
BIO-10550	PRIVATE	2014	FALSE	URN	POST1968
BIO-10588	PRIVATE	2014	FALSE	URN	POST1968
FOCUS	SD	2014	FALSE	URN	POST1968
HY2019	AAFC-CA	2014	FALSE	URN	POST1968
LCS-PRIME	PRIVATE	2014	FALSE	URN	POST1968
LNR11-0757	PRIVATE	2014	FALSE	URN	POST1968
MN-WASHBURN	MN	2014	FALSE	URN	POST1968
MN10281-1-A	MN	2014	FALSE	URN	POST1968
MT1103	MT	2014	FALSE	URN	POST1968
MT1203	MT	2014	FALSE	URN	POST1968
MT1236	MT	2014	FALSE	URN	POST1968
SD4393	SD	2014	FALSE	URN	POST1968
SD4403	SD	2014	FALSE	URN	POST1968
SHELLY	MN	2014	FALSE	URN	POST1968
SURPASS	SD	2014	FALSE	URN	POST1968
LNR12-0311	NA	2014	FALSE	URN	POST1968
MO_3-4	NA	2014	FALSE	URN	POST1968
07S0208-27	PRIVATE	2014	FALSE	URSN	POST1968
07S0211-23	PRIVATE	2014	FALSE	URSN	POST1968
07S0274-2	PRIVATE	2014	FALSE	URSN	POST1968
08S0036-19	PRIVATE	2014	FALSE	URSN	POST1968
08S0094-9	PRIVATE	2014	FALSE	URSN	POST1968
BIO-08228	PRIVATE	2014	FALSE	URSN	POST1968
LNR10-0177RS6	PRIVATE	2014	FALSE	URSN	POST1968
MN10021	MN	2014	FALSE	URSN	POST1968
MN10388	MN	2014	FALSE	URSN	POST1968
MN11074	MN	2014	FALSE	URSN	POST1968
MN11397-1	MN	2014	FALSE	URSN	POST1968
MN11405	MN	2014	FALSE	URSN	POST1968
SD4504	SD	2014	FALSE	URSN	POST1968
SD4508	SD	2014	FALSE	URSN	POST1968
SD4510	SD	2014	FALSE	URSN	POST1968
SD4514	SD	2014	FALSE	URSN	POST1968
BW499	AAFC-CA	2015	FALSE	BOTH	POST1968
BW961	AAFC-CA	2015	FALSE	BOTH	POST1968
LANNING	MT	2015	FALSE	BOTH	POST1968
MT1219	MT	2015	FALSE	BOTH	POST1968
MT1316	MT	2015	FALSE	BOTH	POST1968
MT1337	MT	2015	FALSE	BOTH	POST1968
MT1338	MT	2015	FALSE	BOTH	POST1968
ND820	ND	2015	FALSE	BOTH	POST1968
ND822	ND	2015	FALSE	BOTH	POST1968
MN10281-1-98	MN	2015	FALSE	URN	POST1968
MN11492-6	MN	2015	FALSE	URN	POST1968
ND819	ND	2015	FALSE	URN	POST1968
ND821	ND	2015	FALSE	URN	POST1968
ND823	ND	2015	FALSE	URN	POST1968
SD4471	SD	2015	FALSE	URN	POST1968
SD4492	SD	2015	FALSE	URN	POST1968
SD4496	SD	2015	FALSE	URN	POST1968
07S0068-11	PRIVATE	2015	FALSE	URSN	POST1968
08S0303-16	PRIVATE	2015	FALSE	URSN	POST1968
08S0339-23	PRIVATE	2015	FALSE	URSN	POST1968
08S0341-15	PRIVATE	2015	FALSE	URSN	POST1968
08S0347-23	PRIVATE	2015	FALSE	URSN	POST1968
14-13-106	ND	2015	FALSE	URSN	POST1968
14-13-135	ND	2015	FALSE	URSN	POST1968
14-13-14	ND	2015	FALSE	URSN	POST1968
14-13-21	ND	2015	FALSE	URSN	POST1968
14-13-97	ND	2015	FALSE	URSN	POST1968
MN11326-3	MN	2015	FALSE	URSN	POST1968
MN12265-1	MN	2015	FALSE	URSN	POST1968
MN12307-3	MN	2015	FALSE	URSN	POST1968
MN12423-5	MN	2015	FALSE	URSN	POST1968
MN12545-3	MN	2015	FALSE	URSN	POST1968
SD4559	SD	2015	FALSE	URSN	POST1968
SD4582	SD	2015	FALSE	URSN	POST1968
SD4595	SD	2015	FALSE	URSN	POST1968
SD4605	SD	2015	FALSE	URSN	POST1968
SD4607	SD	2015	FALSE	URSN	POST1968
MT1348	MT	2016	FALSE	BOTH	POST1968
MT1401	MT	2016	FALSE	BOTH	POST1968
ND-VITPRO	ND	2016	FALSE	BOTH	POST1968
ND824	ND	2016	FALSE	BOTH	POST1968
ND828	ND	2016	FALSE	BOTH	POST1968
16BCS0001	PRIVATE	2016	FALSE	URN	POST1968
BW1025	AAFC-CA	2016	FALSE	URN	POST1968
BW1027	AAFC-CA	2016	FALSE	URN	POST1968
BW1049	AAFC-CA	2016	FALSE	URN	POST1968
BW994	AAFC-CA	2016	FALSE	URN	POST1968
LNR12-0147	PRIVATE	2016	FALSE	URN	POST1968
LNR13-0028	PRIVATE	2016	FALSE	URN	POST1968
LNR13-0137	PRIVATE	2016	FALSE	URN	POST1968
LNR13-0763	PRIVATE	2016	FALSE	URN	POST1968
MN13074-4	MN	2016	FALSE	URN	POST1968
MN13398-2	MN	2016	FALSE	URN	POST1968
MN13479-8	MN	2016	FALSE	URN	POST1968
SD4465	SD	2016	FALSE	URN	POST1968
SD4529	SD	2016	FALSE	URN	POST1968
SD4539	SD	2016	FALSE	URN	POST1968
SD4579	SD	2016	FALSE	URN	POST1968
HRS_3419	NA	2016	FALSE	URN	POST1968
09S0018-2	PRIVATE	2016	FALSE	URSN	POST1968
09S0054-5	PRIVATE	2016	FALSE	URSN	POST1968
09S0055-1	PRIVATE	2016	FALSE	URSN	POST1968
09S0084-14	PRIVATE	2016	FALSE	URSN	POST1968
09S0118-10	PRIVATE	2016	FALSE	URSN	POST1968
IDO1403S	ID	2016	FALSE	URSN	POST1968
IDO1405S	ID	2016	FALSE	URSN	POST1968
IDO1601S	ID	2016	FALSE	URSN	POST1968
IDO1603S	ID	2016	FALSE	URSN	POST1968
LNR14-0677	PRIVATE	2016	FALSE	URSN	POST1968
LNR14-0679	PRIVATE	2016	FALSE	URSN	POST1968
LNR14-0747	PRIVATE	2016	FALSE	URSN	POST1968
LNR14-1774	PRIVATE	2016	FALSE	URSN	POST1968
LNR14-1868	PRIVATE	2016	FALSE	URSN	POST1968
MN13056-7	MN	2016	FALSE	URSN	POST1968
MN13064-2	MN	2016	FALSE	URSN	POST1968
MN13515-8	MN	2016	FALSE	URSN	POST1968
N10	NA	2016	FALSE	URSN	POST1968
SD4587	SD	2016	FALSE	URSN	POST1968
SD4589	SD	2016	FALSE	URSN	POST1968
SD4621	SD	2016	FALSE	URSN	POST1968
SD4645	SD	2016	FALSE	URSN	POST1968
SD4675	SD	2016	FALSE	URSN	POST1968
UISTONE	ID	2016	FALSE	URSN	POST1968
ND830	ND	2017	FALSE	BOTH	POST1968
ND833	ND	2017	FALSE	BOTH	POST1968
NDHRS16-12-19	ND	2017	FALSE	BOTH	POST1968
NDHRS16-12-31	ND	2017	FALSE	BOTH	POST1968
NDHRS16-12-52	ND	2017	FALSE	BOTH	POST1968
09S0311-5	PRIVATE	2017	FALSE	URN	POST1968
10S0012-16	PRIVATE	2017	FALSE	URN	POST1968
10S0068-2	PRIVATE	2017	FALSE	URN	POST1968
10S0093-20	PRIVATE	2017	FALSE	URN	POST1968
17BCS01	PRIVATE	2017	FALSE	URN	POST1968
17BCS02	PRIVATE	2017	FALSE	URN	POST1968
17BCS03	PRIVATE	2017	FALSE	URN	POST1968
17BCS04	PRIVATE	2017	FALSE	URN	POST1968
BW1045	AAFC-CA	2017	FALSE	URN	POST1968
BW1046	AAFC-CA	2017	FALSE	URN	POST1968
BW1048	AAFC-CA	2017	FALSE	URN	POST1968
DRIVER	SD	2017	FALSE	URN	POST1968
LCS-CANNON	PRIVATE	2017	FALSE	URN	POST1968
LNR14-0234	PRIVATE	2017	FALSE	URN	POST1968
LNR14-0563	PRIVATE	2017	FALSE	URN	POST1968
LNR14-1267	PRIVATE	2017	FALSE	URN	POST1968
LNR14-1935	PRIVATE	2017	FALSE	URN	POST1968
MN-TORGY	MN	2017	FALSE	URN	POST1968
MN13288-1	MN	2017	FALSE	URN	POST1968
MN14227-4	MN	2017	FALSE	URN	POST1968
MT1525	MT	2017	FALSE	URN	POST1968
MT1543	MT	2017	FALSE	URN	POST1968
MT1570	MT	2017	FALSE	URN	POST1968
SYMCCLOUD	PRIVATE	2017	FALSE	URN	POST1968
MN002698	MN	2017	FALSE	URN	POST1968
LNR15-0025	PRIVATE	2017	FALSE	URSN	POST1968
LNR15-0026	PRIVATE	2017	FALSE	URSN	POST1968
LNR15-0763	NA	2017	FALSE	URSN	POST1968
LNR15-1445	NA	2017	FALSE	URSN	POST1968
LNR15-1802	PRIVATE	2017	FALSE	URSN	POST1968
LNR15-1990	PRIVATE	2017	FALSE	URSN	POST1968
MN13304-5	MN	2017	FALSE	URSN	POST1968
MN14138-4	MN	2017	FALSE	URSN	POST1968
MN14164-4	MN	2017	FALSE	URSN	POST1968
MN14470-5	MN	2017	FALSE	URSN	POST1968
MN14669-1	MN	2017	FALSE	URSN	POST1968
SD4691	SD	2017	FALSE	URSN	POST1968
SD4705	SD	2017	FALSE	URSN	POST1968
SD4710	SD	2017	FALSE	URSN	POST1968
SD4724	SD	2017	FALSE	URSN	POST1968
SD4741	SD	2017	FALSE	URSN	POST1968
MT1621	MT	2018	FALSE	BOTH	POST1968
MT1673	MT	2018	FALSE	BOTH	POST1968
NDHRS16-13-13	ND	2018	FALSE	BOTH	POST1968
NDHRS16-13-89	ND	2018	FALSE	BOTH	POST1968
NDHRS16-13-97	ND	2018	FALSE	BOTH	POST1968
09S0306-24	PRIVATE	2018	FALSE	URN	POST1968
10S0068-11	PRIVATE	2018	FALSE	URN	POST1968
10S0158-15	PRIVATE	2018	FALSE	URN	POST1968
10S0176-18	PRIVATE	2018	FALSE	URN	POST1968
18BCS01	PRIVATE	2018	FALSE	URN	POST1968
18BCS02	PRIVATE	2018	FALSE	URN	POST1968
18BCS03	PRIVATE	2018	FALSE	URN	POST1968
18BCS04	PRIVATE	2018	FALSE	URN	POST1968
18BCS05	PRIVATE	2018	FALSE	URN	POST1968
BW1053	AAFC-CA	2018	FALSE	URN	POST1968
BW1054	AAFC-CA	2018	FALSE	URN	POST1968
BW1067	AAFC-CA	2018	FALSE	URN	POST1968
BW1069	AAFC-CA	2018	FALSE	URN	POST1968
BW5043	AAFC-CA	2018	FALSE	URN	POST1968
MN-ROTHSAY	MN	2018	FALSE	URN	POST1968
MN13288-1-32	MN	2018	FALSE	URN	POST1968
MN15195-5	MN	2018	FALSE	URN	POST1968
NDHRS16-13-29	ND	2018	FALSE	URN	POST1968
NDHRS16-14-41	ND	2018	FALSE	URN	POST1968
NH027	AAFC-CA	2018	FALSE	URN	POST1968
SD4706	SD	2018	FALSE	URN	POST1968
SD4708	SD	2018	FALSE	URN	POST1968
SD4719	SD	2018	FALSE	URN	POST1968
SD4721	SD	2018	FALSE	URN	POST1968
MN15008-7	MN	2018	FALSE	URSN	POST1968
MN15029-8	MN	2018	FALSE	URSN	POST1968
MN15089-2	MN	2018	FALSE	URSN	POST1968
MN15219-2	MN	2018	FALSE	URSN	POST1968
MN15501-4	MN	2018	FALSE	URSN	POST1968
NDHRS16-14-12	ND	2018	FALSE	URSN	POST1968
NDHRS16-14-91	ND	2018	FALSE	URSN	POST1968
SD4756	SD	2018	FALSE	URSN	POST1968
SD4758	SD	2018	FALSE	URSN	POST1968
SD4787	SD	2018	FALSE	URSN	POST1968
SD4819	SD	2018	FALSE	URSN	POST1968
SD4822	SD	2018	FALSE	URSN	POST1968
MT1716	MT	2019	FALSE	BOTH	POST1968
MT1767	MT	2019	FALSE	BOTH	POST1968
ND-HERON	ND	2019	FALSE	BOTH	POST1968
NDHRS16-14-36	ND	2019	FALSE	BOTH	POST1968
APGUNSMOKECL2	PRIVATE	2019	FALSE	URN	POST1968
BW5060	AAFC-CA	2019	FALSE	URN	POST1968
LNR15-1405	PRIVATE	2019	FALSE	URN	POST1968
LNR15-1512	PRIVATE	2019	FALSE	URN	POST1968
LNR15-1751	PRIVATE	2019	FALSE	URN	POST1968
LNR16-1156	PRIVATE	2019	FALSE	URN	POST1968
LNR16-1223	PRIVATE	2019	FALSE	URN	POST1968
LNR16-2076	PRIVATE	2019	FALSE	URN	POST1968
MN15012-3	MN	2019	FALSE	URN	POST1968
MN15119-2	MN	2019	FALSE	URN	POST1968
MN15136-6	MN	2019	FALSE	URN	POST1968
NDSW16027	ND	2019	FALSE	URN	POST1968
NH056	AAFC-CA	2019	FALSE	URN	POST1968
NH057	AAFC-CA	2019	FALSE	URN	POST1968
NH058	AAFC-CA	2019	FALSE	URN	POST1968
NP11100245-26	PRIVATE	2019	FALSE	URN	POST1968
NP11100267-10	PRIVATE	2019	FALSE	URN	POST1968
NP11100273-23	PRIVATE	2019	FALSE	URN	POST1968
NP12100602-18	PRIVATE	2019	FALSE	URN	POST1968
PROSPER	ND	2019	FALSE	URN	POST1968
SD4772	SD	2019	FALSE	URN	POST1968
SD4775	SD	2019	FALSE	URN	POST1968
SD4816	SD	2019	FALSE	URN	POST1968
NP11100135-1	NA	2019	FALSE	URN	POST1968
MN15155-2	MN	2019	FALSE	URSN	POST1968
MN16028	MN	2019	FALSE	URSN	POST1968
MN16040	MN	2019	FALSE	URSN	POST1968
MN16262-3	MN	2019	FALSE	URSN	POST1968
MN16317-5	MN	2019	FALSE	URSN	POST1968
NDHRS13-0170-0004	ND	2019	FALSE	URSN	POST1968
NDHRS14-0136-C06	ND	2019	FALSE	URSN	POST1968
NDHRS16-16-665	ND	2019	FALSE	URSN	POST1968
SD4740	SD	2019	FALSE	URSN	POST1968
SD4834	SD	2019	FALSE	URSN	POST1968
SD4859	SD	2019	FALSE	URSN	POST1968
SD4865	SD	2019	FALSE	URSN	POST1968
SD4868	SD	2019	FALSE	URSN	POST1968
MT1809	MT	2020	FALSE	BOTH	POST1968
MT1855	MT	2020	FALSE	BOTH	POST1968
MT1866	MT	2020	FALSE	BOTH	POST1968
14X111-106-3	MN	2020	FALSE	URN	POST1968
AACBRANDON	AAFC-CA	2020	FALSE	URN	POST1968
APSMITH	PRIVATE	2020	FALSE	URN	POST1968
ASCEND-SD	SD	2020	FALSE	URN	POST1968
MN17117-5	MN	2020	FALSE	URN	POST1968
MN17120-1	MN	2020	FALSE	URN	POST1968
MN17379-4	MN	2020	FALSE	URN	POST1968
ND-THRESHER	ND	2020	FALSE	URN	POST1968
NDHRS16-15-320	ND	2020	FALSE	URN	POST1968
NDHRS16-16-654	ND	2020	FALSE	URN	POST1968
NDHRS16-16-678	ND	2020	FALSE	URN	POST1968
NP12100434-20	PRIVATE	2020	FALSE	URN	POST1968
NP12100509-2	PRIVATE	2020	FALSE	URN	POST1968
NP12100660-3	PRIVATE	2020	FALSE	URN	POST1968
NP13DD10116019	PRIVATE	2020	FALSE	URN	POST1968
SD4852	SD	2020	FALSE	URN	POST1968
SD4894	SD	2020	FALSE	URN	POST1968
SD4904	SD	2020	FALSE	URN	POST1968
SD4915	SD	2020	FALSE	URN	POST1968
MN19108-1	MN	2020	FALSE	URN	POST1968
MN16103-1	MN	2020	FALSE	URSN	POST1968
MN16277-3	MN	2020	FALSE	URSN	POST1968
MN16340-8	MN	2020	FALSE	URSN	POST1968
MN16360-1	MN	2020	FALSE	URSN	POST1968
MN16408-5	MN	2020	FALSE	URSN	POST1968
MT1775	MT	2020	FALSE	URSN	POST1968
MT1871	MT	2020	FALSE	URSN	POST1968
MT1872	MT	2020	FALSE	URSN	POST1968
NDHRS13-0114-C06	ND	2020	FALSE	URSN	POST1968
NDHRS13-0121-C05	ND	2020	FALSE	URSN	POST1968
NDHRS13-0215-C03	ND	2020	FALSE	URSN	POST1968
NDHRS13-0318-0003	ND	2020	FALSE	URSN	POST1968
SD4848	SD	2020	FALSE	URSN	POST1968
SD4917	SD	2020	FALSE	URSN	POST1968
SD4926	SD	2020	FALSE	URSN	POST1968
SD4947	SD	2020	FALSE	URSN	POST1968
SD4950	SD	2020	FALSE	URSN	POST1968
BRAWN-SD	SD	2021	FALSE	URN	POST1968
BW1094	AAFC-CA	2021	FALSE	URN	POST1968
MN17118-1	MN	2021	FALSE	URN	POST1968
MT1927	MT	2021	FALSE	URN	POST1968
MT1939	MT	2021	FALSE	URN	POST1968
NDHRS11-0244-0001	ND	2021	FALSE	URN	POST1968
NDHRS12-1031-0007	ND	2021	FALSE	URN	POST1968
NDHRS14-0134-C03	ND	2021	FALSE	URN	POST1968
NH069	AAFC-CA	2021	FALSE	URN	POST1968
SD4905	SD	2021	FALSE	URN	POST1968
SD4934	SD	2021	FALSE	URN	POST1968
MN17033-1	MN	2021	FALSE	URSN	POST1968
MN17038-5	MN	2021	FALSE	URSN	POST1968
MN17271-1	MN	2021	FALSE	URSN	POST1968
MN17332-2	MN	2021	FALSE	URSN	POST1968
MT2007	MT	2021	FALSE	URSN	POST1968
MT2013	MT	2021	FALSE	URSN	POST1968
MT2018	MT	2021	FALSE	URSN	POST1968
MT2022	MT	2021	FALSE	URSN	POST1968
NDHRS13-0156-C04	ND	2021	FALSE	URSN	POST1968
NDHRS13-0177-0001	ND	2021	FALSE	URSN	POST1968
NDHRS13-0309-B03	ND	2021	FALSE	URSN	POST1968
NDHRS17-0596-B28	ND	2021	FALSE	URSN	POST1968
NDHRS17DH-0467-056	ND	2021	FALSE	URSN	POST1968
SD4871	SD	2021	FALSE	URSN	POST1968
SD4933	SD	2021	FALSE	URSN	POST1968
SD4968	SD	2021	FALSE	URSN	POST1968
SD4976	SD	2021	FALSE	URSN	POST1968
SD4991	SD	2021	FALSE	URSN	POST1968
SD5012	SD	2021	FALSE	URSN	POST1968
21NP005734	PRIVATE	2022	FALSE	URN	POST1968
21NP005739	PRIVATE	2022	FALSE	URN	POST1968
21NP005744	PRIVATE	2022	FALSE	URN	POST1968
MN18032-5	MN	2022	FALSE	URN	POST1968
MN18106-2	MN	2022	FALSE	URN	POST1968
MN18176-1	MN	2022	FALSE	URN	POST1968
MT2030	MT	2022	FALSE	URN	POST1968
MT2049	MT	2022	FALSE	URN	POST1968
MT2054	MT	2022	FALSE	URN	POST1968
NDHRS13-0100-C01	ND	2022	FALSE	URN	POST1968
NDHRS14-0134-C09	ND	2022	FALSE	URN	POST1968
NDHRS15-0006-C46	ND	2022	FALSE	URN	POST1968
SD4930	SD	2022	FALSE	URN	POST1968
SD4949	SD	2022	FALSE	URN	POST1968
CDCSKRUSH	AAFC-CA	2022	FALSE	URN	POST1968
MN17065-2	MN	2022	FALSE	URSN	POST1968
MN18081-5	MN	2022	FALSE	URSN	POST1968
MN18163-5	MN	2022	FALSE	URSN	POST1968
MN18179-4	MN	2022	FALSE	URSN	POST1968
MN18292-3	MN	2022	FALSE	URSN	POST1968
MT21076	MT	2022	FALSE	URSN	POST1968
MT21082	MT	2022	FALSE	URSN	POST1968
MT21089	MT	2022	FALSE	URSN	POST1968
MT21091	MT	2022	FALSE	URSN	POST1968
MT21102	MT	2022	FALSE	URSN	POST1968
MT21111	MT	2022	FALSE	URSN	POST1968
SD4893	SD	2022	FALSE	URSN	POST1968
SD4924	SD	2022	FALSE	URSN	POST1968
SD5030	SD	2022	FALSE	URSN	POST1968
SD5038	SD	2022	FALSE	URSN	POST1968
SD5051	SD	2022	FALSE	URSN	POST1968
MT21220	MT	2023	FALSE	BOTH	POST1968
21NP005782	PRIVATE	2023	FALSE	URN	POST1968
22NP900043	PRIVATE	2023	FALSE	URN	POST1968
22NP900045	PRIVATE	2023	FALSE	URN	POST1968
22NP900047	PRIVATE	2023	FALSE	URN	POST1968
22NP900048	PRIVATE	2023	FALSE	URN	POST1968
MN19104-2	MN	2023	FALSE	URN	POST1968
MN19138-2	MN	2023	FALSE	URN	POST1968
MN19239-1	MN	2023	FALSE	URN	POST1968
MN19358-1	MN	2023	FALSE	URN	POST1968
MT2050	MT	2023	FALSE	URN	POST1968
MT2063	MT	2023	FALSE	URN	POST1968
MT21104	MT	2023	FALSE	URN	POST1968
NDHRS17-0149-C17	ND	2023	FALSE	URN	POST1968
NDHRS17-0346-B11	ND	2023	FALSE	URN	POST1968
SD4944	SD	2023	FALSE	URN	POST1968
SD5072	SD	2023	FALSE	URN	POST1968
SD5080	SD	2023	FALSE	URN	POST1968
SD5090	SD	2023	FALSE	URN	POST1968
LCSTRIGGER	PRIVATE	2023	FALSE	URN	POST1968
1FILLER	NA	2023	FALSE	URN	POST1968
2FILLER	NA	2023	FALSE	URN	POST1968
AKFASTRO	NA	2023	FALSE	URSN	POST1968
MN18091-2	MN	2023	FALSE	URSN	POST1968
MN19114-3	MN	2023	FALSE	URSN	POST1968
MN19146-4	MN	2023	FALSE	URSN	POST1968
MN19257-1	MN	2023	FALSE	URSN	POST1968
MN20231-2	MN	2023	FALSE	URSN	POST1968
MT21214	MT	2023	FALSE	URSN	POST1968
MT21222	MT	2023	FALSE	URSN	POST1968
MT21305	MT	2023	FALSE	URSN	POST1968
MT21352	MT	2023	FALSE	URSN	POST1968
MT21384	MT	2023	FALSE	URSN	POST1968
NDFROHBERG	ND	2023	FALSE	URSN	POST1968
NDHRS15-0006-B02	ND	2023	FALSE	URSN	POST1968
NDHRS15-0006-C29	ND	2023	FALSE	URSN	POST1968
NDHRS15-0037-C52	ND	2023	FALSE	URSN	POST1968
NDHRS15-0405-C34	ND	2023	FALSE	URSN	POST1968
NDHRS16RIL-0190-019	ND	2023	FALSE	URSN	POST1968
SD5101	SD	2023	FALSE	URSN	POST1968
SD5117	SD	2023	FALSE	URSN	POST1968
SD5127	SD	2023	FALSE	URSN	POST1968
SD5132	SD	2023	FALSE	URSN	POST1968
SD5145	SD	2023	FALSE	URSN	POST1968
SD5159	SD	2023	FALSE	URSN	POST1968
AAC_HODGE	AAFC-CA	2024	FALSE	BOTH	POST1968
AAC_SPIKE	AAFC-CA	2024	FALSE	BOTH	POST1968
AAC_WESTKING	AAFC-CA	2024	FALSE	BOTH	POST1968
BW5095	AAFC-CA	2024	FALSE	BOTH	POST1968
HY2136	AAFC-CA	2024	FALSE	BOTH	POST1968
MN20038-3	MN	2024	FALSE	URN	POST1968
MN20049-1	MN	2024	FALSE	URN	POST1968
MN20218-3	MN	2024	FALSE	URN	POST1968
MT21074	MT	2024	FALSE	URN	POST1968
MT21186	MT	2024	FALSE	URN	POST1968
MT21473	MT	2024	FALSE	URN	POST1968
MT21485	MT	2024	FALSE	URN	POST1968
NDHRS18-0039-B081	ND	2024	FALSE	URN	POST1968
NDHRS18-0069-B066	ND	2024	FALSE	URN	POST1968
NDHRS18-0187-C042	ND	2024	FALSE	URN	POST1968
NDHRS18-6306-C01	ND	2024	FALSE	URN	POST1968
SD5082	SD	2024	FALSE	URN	POST1968
SD5096	SD	2024	FALSE	URN	POST1968
SD5103	SD	2024	FALSE	URN	POST1968
SD5119	SD	2024	FALSE	URN	POST1968
SD5131	SD	2024	FALSE	URN	POST1968
MN19342-1	MN	2024	FALSE	URSN	POST1968
MN20080-3	MN	2024	FALSE	URSN	POST1968
MN20081-2	MN	2024	FALSE	URSN	POST1968
MN20171-1	MN	2024	FALSE	URSN	POST1968
MN20172-2	MN	2024	FALSE	URSN	POST1968
MT21224	MT	2024	FALSE	URSN	POST1968
MT22071	MT	2024	FALSE	URSN	POST1968
MT22345	MT	2024	FALSE	URSN	POST1968
MT22361	MT	2024	FALSE	URSN	POST1968
MT23004	MT	2024	FALSE	URSN	POST1968
MT23297	MT	2024	FALSE	URSN	POST1968
NDHRS18-0069-B077	ND	2024	FALSE	URSN	POST1968
NDHRS18-0105-B080	ND	2024	FALSE	URSN	POST1968
NDHRS18-0178-B057	ND	2024	FALSE	URSN	POST1968
NDHRS18-0180-B101	ND	2024	FALSE	URSN	POST1968
NDHRS18-0261-B234	ND	2024	FALSE	URSN	POST1968
NDHRS19RIL-0121-212-1	ND	2024	FALSE	URSN	POST1968
SD5050	SD	2024	FALSE	URSN	POST1968
SD5153	SD	2024	FALSE	URSN	POST1968
SD5158	SD	2024	FALSE	URSN	POST1968
SD5193	SD	2024	FALSE	URSN	POST1968
SD5195	SD	2024	FALSE	URSN	POST1968
SD5203	SD	2024	FALSE	URSN	POST1968
SD5223	SD	2024	FALSE	URSN	POST1968
